# category	name	PubChem query (name or cid:N)	description	famous (1)
everyday	Sodium chloride	sodium chloride	Table salt; the ionic crystal that seasons food and makes seawater salty.	
everyday	Sodium bicarbonate	sodium bicarbonate	Baking soda; reacts with acids to release carbon dioxide and leaven baked goods.	
everyday	Sodium hypochlorite	sodium hypochlorite	The active ingredient of household chlorine bleach, used to disinfect and whiten.	
everyday	Acetic acid	acetic acid	The acid that gives vinegar its sour taste and sharp smell; also a major industrial chemical.	
everyday	Sodium carbonate	sodium carbonate	Washing soda; an alkaline water softener in laundry products and a raw material for glass.	
everyday	Sodium hydroxide	sodium hydroxide	Lye; a strong base found in drain and oven cleaners and used in traditional soap making.	
everyday	Calcium carbonate	calcium carbonate	The mineral of chalk, limestone, marble and eggshells; also a toothpaste abrasive and antacid.	
everyday	Monosodium glutamate	monosodium glutamate	MSG; the sodium salt of glutamic acid that gives food a savory umami flavor.	
everyday	Potassium chloride	potassium chloride	Salt substitute and water-softener salt; tastes salty with a slightly bitter edge.	
everyday	Sodium fluoride	sodium fluoride	Fluoride source in toothpaste and water fluoridation that helps harden tooth enamel.	
everyday	Sodium dodecyl sulfate	sodium dodecyl sulfate	Sodium lauryl sulfate; the foaming surfactant in many shampoos, soaps and toothpastes.	
everyday	Borax	borax	Hydrated sodium borate mineral used as a laundry booster, cleaner and slime ingredient.	
everyday	Magnesium sulfate	magnesium sulfate	Epsom salt when hydrated; dissolved in bath water and used as a garden magnesium source.	
everyday	Calcium chloride	calcium chloride	Road and sidewalk de-icer that also serves as a desiccant and a firming agent in canned food.	
everyday	Sodium benzoate	sodium benzoate	Common food preservative that slows mold and yeast growth in soft drinks and pickles.	
everyday	Potassium sorbate	potassium sorbate	Preservative in cheese, wine and baked goods that inhibits molds and yeasts.	
everyday	Potassium bitartrate	potassium bitartrate	Cream of tartar; a byproduct of winemaking used to stabilize egg whites and in baking powder.	
everyday	Trisodium phosphate	trisodium phosphate	TSP; a strong alkaline cleaner and degreaser used to prepare walls before painting.	
everyday	Propylene glycol	propylene glycol	Low-toxicity diol used in food, cosmetics, e-cigarette liquids and safer antifreeze.	
everyday	Acesulfame potassium	acesulfame potassium	Ace-K; a heat-stable artificial sweetener often blended with aspartame or sucralose.	
everyday	Menthol	levomenthol	Cooling compound from peppermint oil used in gum, toothpaste, lozenges and balms.	1
everyday	Cinnamaldehyde	trans-cinnamaldehyde	The aldehyde that gives cinnamon bark its characteristic flavor and smell.	
everyday	Sodium metabisulfite	sodium metabisulfite	Antioxidant and preservative in wine, dried fruit and home brewing equipment sanitizers.	
everyday	Sodium nitrite	sodium nitrite	Curing salt in bacon and ham that fixes the pink color and prevents botulism.	
everyday	Ammonium sulfate	ammonium sulfate	Common nitrogen and sulfur fertilizer for lawns and gardens; also a food additive.	
everyday	Calcium hydroxide	calcium hydroxide	Slaked lime; used in mortar, plaster, pickling lime and to raise garden soil pH.	
everyday	Calcium oxide	calcium oxide	Quicklime; reacts with water to give slaked lime and heat, and is basic to cement making.	
everyday	Calcium sulfate	calcium sulfate	Gypsum when hydrated; the mineral in drywall and plaster of Paris and a tofu coagulant.	
everyday	Sodium thiosulfate	sodium thiosulfate	Aquarium dechlorinator and classic photographic fixer that dissolves silver halides.	
everyday	Silicon dioxide	silicon dioxide	Silica; the main compound of sand, quartz and glass, and the desiccant in silica gel packets.	
everyday	Titanium dioxide	titanium dioxide	Bright white pigment in paint, paper and toothpaste, and a mineral UV filter in sunscreen.	
everyday	Zinc oxide	zinc oxide	White powder used as a sunscreen UV blocker, in diaper rash creams and in rubber.	
everyday	Sodium stearate	sodium stearate	A typical soap molecule: a long greasy tail with an ionic head that lifts oil into water.	
everyday	1,4-Dichlorobenzene	1,4-dichlorobenzene	Para-dichlorobenzene; the volatile solid in some mothballs and toilet deodorizer blocks.	
everyday	Glyphosate	glyphosate	Broad-spectrum herbicide that blocks an amino acid pathway found in plants but not animals.	
everyday	DEET	DEET	N,N-diethyl-m-toluamide; the most common active ingredient in insect repellents.	
everyday	Permethrin	permethrin	Synthetic pyrethroid insecticide used on clothing, bed nets and in garden insect sprays.	
everyday	Triclosan	triclosan	Antibacterial agent formerly common in soaps and toothpaste, now restricted in many uses.	
everyday	Oxalic acid	oxalic acid	Dicarboxylic acid in rhubarb leaves and spinach; used as a rust remover and wood bleach.	
everyday	Calcium hypochlorite	calcium hypochlorite	Solid chlorine source sold as pool shock and used to disinfect drinking water.	
everyday	Trichloroisocyanuric acid	trichloroisocyanuric acid	Slow-dissolving chlorine tablets for swimming pools; releases hypochlorous acid in water.	
everyday	Cyanuric acid	cyanuric acid	Pool stabilizer that shields dissolved chlorine from breakdown by sunlight.	
everyday	Copper(II) sulfate	cupric sulfate	Blue crystals used as an algaecide, root killer and fungicide in Bordeaux mixture.	
everyday	Iron(II) sulfate	ferrous sulfate	Green vitriol; used to kill lawn moss, green up grass and as an iron supplement.	
solvents	Water	water	The universal solvent of life; a bent polar molecule whose hydrogen bonds shape its properties.	1
solvents	Ethanol	ethanol	Drinking alcohol and a common lab and fuel solvent, made by yeast fermentation of sugars.	1
solvents	Methanol	methanol	Simplest alcohol; a toxic solvent, fuel and feedstock, and the antifreeze in washer fluid.	
solvents	Isopropyl alcohol	2-propanol	Rubbing alcohol; a disinfectant and cleaning solvent for electronics and skin.	
solvents	1-Propanol	1-propanol	Straight-chain three-carbon alcohol used as a solvent in inks, coatings and hand sanitizers.	
solvents	1-Butanol	1-butanol	Four-carbon alcohol used as a solvent for paints and resins and studied as a biofuel.	
solvents	tert-Butanol	tert-butanol	Simplest tertiary alcohol; a solvent that melts near room temperature at 25 degrees C.	
solvents	Acetone	acetone	Simplest ketone; the fast-evaporating solvent in nail polish remover and lab glass rinses.	
solvents	Butanone	2-butanone	Methyl ethyl ketone (MEK); an industrial solvent for paints, glues and plastic welding.	
solvents	Ethyl acetate	ethyl acetate	Sweet-smelling ester solvent in nail polish remover and chromatography; also decaffeinates coffee.	
solvents	Diethyl ether	diethyl ether	Volatile, highly flammable ether; a classic extraction solvent and an early surgical anesthetic.	
solvents	Tetrahydrofuran	tetrahydrofuran	THF; a cyclic ether solvent for Grignard reactions, polymers and PVC cements.	
solvents	1,4-Dioxane	1,4-dioxane	Six-membered cyclic diether used as a water-miscible lab solvent; a likely carcinogen.	
solvents	Dimethyl sulfoxide	dimethyl sulfoxide	DMSO; a polar aprotic solvent that dissolves many compounds and penetrates skin readily.	
solvents	N,N-Dimethylformamide	N,N-dimethylformamide	DMF; a high-boiling polar aprotic solvent for reactions, fibers and coatings.	
solvents	N,N-Dimethylacetamide	N,N-dimethylacetamide	DMAc; a polar aprotic solvent used to spin acrylic and spandex fibers.	
solvents	N-Methyl-2-pyrrolidone	N-methyl-2-pyrrolidone	NMP; a high-boiling lactam solvent used in battery electrode coating and paint strippers.	
solvents	Acetonitrile	acetonitrile	Polar aprotic solvent widely used in HPLC mobile phases and in lithium battery electrolytes.	
solvents	Hexane	hexane	Six-carbon alkane; a nonpolar solvent for extracting vegetable oils and for chromatography.	
solvents	Heptane	heptane	Seven-carbon alkane; defines zero on the octane rating scale and serves as a nonpolar solvent.	
solvents	Pentane	pentane	Volatile five-carbon alkane used as a low-boiling solvent and a blowing agent for foams.	
solvents	Cyclohexane	cyclohexane	Ring alkane whose chair conformation is a textbook example; a solvent and nylon feedstock.	
solvents	Toluene	toluene	Methylbenzene; a common solvent in paints, adhesives and lab work, and an octane booster.	
solvents	Chloroform	chloroform	Trichloromethane; a dense extraction solvent and a historic anesthetic.	
solvents	Dichloromethane	dichloromethane	Methylene chloride; a volatile, dense solvent for extraction and paint stripping.	
solvents	Carbon tetrachloride	carbon tetrachloride	Tetrahedral CCl4; a former dry-cleaning solvent and fire extinguisher now phased out.	
solvents	1,2-Dichloroethane	1,2-dichloroethane	Chlorinated solvent made in huge volume as the precursor to vinyl chloride and PVC.	
solvents	Trichloroethylene	trichloroethylene	Chlorinated degreasing solvent for metal parts; a widespread groundwater contaminant.	
solvents	Tetrachloroethylene	tetrachloroethylene	Perchloroethylene; the classic dry-cleaning solvent with a sweet smell.	
solvents	Chlorobenzene	chlorobenzene	Aromatic solvent for pesticides and resins and an intermediate for other chemicals.	
solvents	Methyl tert-butyl ether	methyl tert-butyl ether	MTBE; once a gasoline oxygenate, now mainly a lab solvent that resists peroxide formation.	
solvents	1,2-Dimethoxyethane	1,2-dimethoxyethane	Glyme; a chelating ether solvent for organometallic reactions and battery electrolytes.	
solvents	Diglyme	diglyme	Diethylene glycol dimethyl ether; a high-boiling ether solvent that binds metal cations.	
solvents	Hexamethylphosphoramide	hexamethylphosphoramide	HMPA; a strongly polar aprotic solvent that speeds anionic reactions; a suspected carcinogen.	
solvents	Sulfolane	sulfolane	Cyclic sulfone solvent used to extract aromatic hydrocarbons and purify natural gas.	
solvents	Propylene carbonate	propylene carbonate	Polar cyclic carbonate solvent used in lithium battery electrolytes and cosmetics.	
solvents	Carbon disulfide	carbon disulfide	Linear S=C=S; a volatile solvent for sulfur, phosphorus and rubber, used to make rayon.	
solvents	2-Methyltetrahydrofuran	2-methyltetrahydrofuran	Bio-derived ether solvent from plant sugars, used as a greener alternative to THF.	
solvents	Cyclopentyl methyl ether	cyclopentyl methyl ether	CPME; a hydrophobic ether solvent that resists peroxide formation.	
solvents	Dimethyl carbonate	dimethyl carbonate	Low-toxicity carbonate ester solvent used in battery electrolytes and as a green reagent.	
solvents	Anisole	anisole	Methoxybenzene; a pleasant-smelling aromatic ether used as a solvent and perfume precursor.	
solvents	Isooctane	2,2,4-trimethylpentane	Branched alkane that defines 100 on the octane rating scale; also a solvent.	
solvents	Benzyl alcohol	benzyl alcohol	Aromatic alcohol used as a solvent, preservative and fragrance component.	
solvents	Hexafluoroisopropanol	1,1,1,3,3,3-hexafluoro-2-propanol	HFIP; a strongly hydrogen-bonding fluorinated alcohol that dissolves peptides and polymers.	
solvents	2,2,2-Trifluoroethanol	2,2,2-trifluoroethanol	Fluorinated alcohol solvent that stabilizes helical structure in peptides.	
solvents	Chloroform-d	chloroform-d	Deuterated chloroform, CDCl3; the most common solvent for NMR spectroscopy.	
solvents	Heavy water	deuterium oxide	D2O; water with deuterium instead of hydrogen, used in NMR and as a reactor moderator.	
gases	Carbon dioxide	carbon dioxide	Linear O=C=O; product of respiration and combustion and the main long-lived greenhouse gas.	1
gases	Carbon monoxide	carbon monoxide	Colorless, odorless toxic gas from incomplete combustion that binds hemoglobin tightly.	
gases	Methane	methane	Simplest alkane and main component of natural gas; a potent greenhouse gas.	1
gases	Ethane	ethane	Two-carbon alkane from natural gas, mainly cracked to make ethylene.	
gases	Propane	propane	Three-carbon alkane sold as LPG for grills, heating and forklifts.	
gases	Butane	butane	Four-carbon alkane in lighters and camping stoves, liquefied under mild pressure.	
gases	Isobutane	isobutane	Branched C4 alkane used as the refrigerant R-600a and as an aerosol propellant.	
gases	Ammonia	ammonia	Pungent trigonal pyramidal gas made by the Haber process; the basis of nitrogen fertilizers.	1
gases	Nitric oxide	nitric oxide	NO; a radical gas formed in engines and lightning, and a signaling molecule in blood vessels.	
gases	Nitrogen dioxide	nitrogen dioxide	Brown toxic radical gas from combustion that drives urban smog and acid rain.	
gases	Nitrous oxide	nitrous oxide	Laughing gas; a dental anesthetic, whipped cream propellant and potent greenhouse gas.	
gases	Sulfur dioxide	sulfur dioxide	Bent gas from burning sulfur-containing fuel and volcanoes; a cause of acid rain.	
gases	Hydrogen sulfide	hydrogen sulfide	Toxic gas with a rotten-egg smell, released by decay, sewers and volcanic vents.	
gases	Hydrogen chloride	hydrogen chloride	Acrid gas that dissolves in water to give hydrochloric acid, the acid in stomach juice.	
gases	Hydrogen bromide	hydrogen bromide	Corrosive gas that forms hydrobromic acid in water; a reagent for making alkyl bromides.	
gases	Hydrogen iodide	hydrogen iodide	Strongest of the hydrogen halides as an acid; forms hydroiodic acid in water.	
gases	Acetylene	acetylene	Ethyne; the simplest alkyne, burned with oxygen in welding torches at over 3000 degrees C.	
gases	Propyne	propyne	Methylacetylene; a simple alkyne found in MAPP-type fuel gases for brazing.	
gases	Sulfur hexafluoride	sulfur hexafluoride	Octahedral inert gas used to insulate high-voltage switchgear; a very strong greenhouse gas.	
gases	Nitrogen trifluoride	nitrogen trifluoride	Gas used to etch and clean chambers in semiconductor and flat-panel manufacturing.	
gases	Carbonyl sulfide	carbonyl sulfide	O=C=S; the most abundant sulfur gas in the atmosphere, produced by oceans and volcanoes.	
gases	Chlorine dioxide	chlorine dioxide	Yellow radical gas used to bleach paper pulp and disinfect drinking water.	
gases	Boron trifluoride	boron trifluoride	Trigonal planar Lewis acid gas used as a catalyst in organic chemistry.	
gases	Phosphine	phosphine	PH3; a toxic gas used as a grain fumigant and as a dopant source in semiconductors.	
gases	Dichlorodifluoromethane	dichlorodifluoromethane	Freon-12 (R-12); a CFC refrigerant banned by the Montreal Protocol for depleting ozone.	
gases	Chlorodifluoromethane	chlorodifluoromethane	R-22; an HCFC air-conditioning refrigerant now being phased out.	
gases	1,1,1,2-Tetrafluoroethane	1,1,1,2-tetrafluoroethane	R-134a; the HFC refrigerant in car air conditioners that replaced R-12.	
gases	Difluoromethane	difluoromethane	R-32; an HFC refrigerant used in modern heat pumps and air conditioners.	
gases	Pentafluoroethane	pentafluoroethane	R-125; an HFC refrigerant blended into R-410A and used in fire suppression.	
gases	2,3,3,3-Tetrafluoropropene	2,3,3,3-tetrafluoropropene	HFO-1234yf; a low-warming refrigerant that replaces R-134a in new cars.	
gases	Tetrafluoromethane	tetrafluoromethane	CF4; a very stable perfluorocarbon used in plasma etching and a long-lived greenhouse gas.	
gases	Hexafluoroethane	hexafluoroethane	C2F6; a perfluorocarbon etching gas emitted in aluminum smelting.	
gases	Fluoroform	fluoroform	CHF3 (R-23); a byproduct of refrigerant manufacture and a strong greenhouse gas.	
gases	Chloromethane	chloromethane	Methyl chloride; produced naturally by oceans and plants, and a silicone feedstock.	
gases	Bromomethane	bromomethane	Methyl bromide; a former soil fumigant phased out because it depletes ozone.	
gases	Dimethyl ether	dimethyl ether	Simplest ether; an aerosol propellant and candidate clean-burning diesel substitute.	
gases	Cyclopropane	cyclopropane	Strained three-membered carbon ring with bent bonds; a former general anesthetic.	
gases	Neopentane	neopentane	2,2-Dimethylpropane; a highly symmetric C5 alkane that boils just below room temperature.	
gases	Silicon tetrafluoride	silicon tetrafluoride	Tetrahedral SiF4 gas released when hydrofluoric acid etches glass and by volcanoes.	
elements	Hydrogen	hydrogen	H2; the lightest molecule, a clean-burning fuel and the most abundant element in the universe.	
elements	Deuterium	deuterium	D2; molecular heavy hydrogen, used as a fusion fuel and an isotopic tracer.	
elements	Nitrogen	nitrogen	N2; held together by a strong triple bond, it makes up 78 percent of air.	
elements	Oxygen	oxygen	O2; a diradical diatomic gas that makes up 21 percent of air and powers respiration.	
elements	Ozone	ozone	O3; a bent triatomic oxygen that absorbs UV in the stratosphere and is a smog pollutant below.	
elements	Fluorine	fluorine	F2; a pale yellow gas, the most electronegative and reactive of all elements.	
elements	Chlorine	chlorine	Cl2; a yellow-green toxic gas used to disinfect water and to make PVC.	
elements	Bromine	bromine	Br2; one of only two elements that are liquid at room temperature, red-brown and fuming.	
elements	Iodine	iodine	I2; dark violet-black crystals that sublime to a purple vapor; essential for thyroid hormones.	
elements	Sulfur	octasulfur	S8; the crown-shaped ring of eight atoms that makes up yellow elemental sulfur.	
elements	Selenium (Se8)	cyclooctaselenium	Se8; a crown-shaped ring of eight selenium atoms, found in red monoclinic selenium.	
elements	Yellow arsenic	tetraarsenic	As4; a tetrahedral molecule of arsenic like white phosphorus, found in unstable yellow arsenic.	
elements	Helium	helium	Monatomic noble gas, second lightest element, used in balloons and to cool MRI magnets.	
elements	Neon	neon	Monatomic noble gas that glows red-orange in electric discharge signs.	
elements	Argon	argon	Monatomic noble gas, nearly 1 percent of air, used as an inert shield in welding and bulbs.	
elements	Krypton	krypton	Monatomic noble gas used in high-performance lighting and window insulation.	
elements	Xenon	xenon	Heavy monatomic noble gas used in arc lamps and ion thrusters; forms some real compounds.	
elements	Radon	radon	Radioactive monatomic noble gas from uranium decay that can collect in basements.	
elements	Mercury	mercury	The only metal that is liquid at room temperature; its vapor consists of single atoms.	
elements	White phosphorus	cid:123286	P4; a tetrahedron of phosphorus atoms that glows in air and ignites spontaneously.	
groups	Cyclohexanol (alcohol)	cyclohexanol	A secondary alcohol on a cyclohexane ring; an intermediate in the production of nylon.	
groups	Acetaldehyde (aldehyde)	acetaldehyde	Two-carbon aldehyde made when the body oxidizes ethanol; a cause of hangover symptoms.	
groups	3-Pentanone (ketone)	3-pentanone	Diethyl ketone; a symmetric ketone with the carbonyl group in the middle of the chain.	
groups	Propanoic acid (carboxylic acid)	propionic acid	Three-carbon carboxylic acid that inhibits mold in bread and gives Swiss cheese its tang.	
groups	Methyl butanoate (ester)	methyl butyrate	Fruity ester that smells like apples and pineapple, used in flavorings.	
groups	Ethyl methyl ether (ether)	methoxyethane	A small unsymmetrical ether, C-O-C, with methyl and ethyl groups on the oxygen.	
groups	Methylamine (primary amine)	methylamine	The simplest primary amine, R-NH2; a fishy-smelling gas and a building block for chemicals.	
groups	Dimethylamine (secondary amine)	dimethylamine	A secondary amine, R2NH, used to make the solvents DMF and DMAc and rubber chemicals.	
groups	Trimethylamine (tertiary amine)	trimethylamine	A tertiary amine, R3N, that causes the odor of rotting fish.	
groups	Tetramethylammonium (quaternary ammonium)	tetramethylammonium	Simplest quaternary ammonium ion, R4N+, with four carbons on a positively charged nitrogen.	
groups	Acetamide (primary amide)	acetamide	A primary amide, R-CO-NH2; the amide derived from acetic acid.	
groups	N-Methylacetamide (secondary amide)	N-methylacetamide	A secondary amide, R-CO-NHR; a small model of the peptide bond in proteins.	
groups	N,N-Dimethylpropanamide (tertiary amide)	N,N-dimethylpropionamide	A tertiary amide, R-CO-NR2, with no N-H bond to donate in hydrogen bonding.	
groups	Propionitrile (nitrile)	propionitrile	A nitrile with a C-N triple bond, R-C=N; a solvent and chemical intermediate.	
groups	Nitrobenzene (nitro)	nitrobenzene	A nitro group, R-NO2, on a benzene ring; the precursor to aniline and many dyes.	
groups	Methanethiol (thiol)	methanethiol	The simplest thiol, R-SH; a gas with a rotten-cabbage smell found in bad breath.	
groups	Dimethyl sulfide (sulfide)	dimethyl sulfide	A thioether, R-S-R; released by marine plankton and part of the smell of the sea.	
groups	Dimethyl disulfide (disulfide)	dimethyl disulfide	A disulfide, R-S-S-R; the S-S link also cross-links cysteines in proteins.	
groups	Acetyl chloride (acyl chloride)	acetyl chloride	An acyl chloride, R-CO-Cl; a reactive acylating agent that fumes in moist air.	
groups	Acetic anhydride (anhydride)	acetic anhydride	A carboxylic anhydride, R-CO-O-CO-R; used to make cellulose acetate and aspirin.	
groups	Phenol (phenol)	phenol	A hydroxyl group on a benzene ring; more acidic than alcohols and a resin feedstock.	
groups	Acetone oxime (oxime)	acetone oxime	An oxime, R2C=N-OH, formed from acetone and hydroxylamine.	
groups	N-Benzylideneaniline (imine)	N-benzylideneaniline	A Schiff base imine, R2C=NR, formed from benzaldehyde and aniline.	
groups	1-Pyrrolidino-1-cyclohexene (enamine)	1-pyrrolidino-1-cyclohexene	An enamine, C=C-NR2, from cyclohexanone and pyrrolidine; used in Stork enamine alkylation.	
groups	Acetone hydrazone (hydrazone)	acetone hydrazone	A hydrazone, R2C=N-NH2, formed from acetone and hydrazine.	
groups	Phenyl isocyanate (isocyanate)	phenyl isocyanate	An isocyanate, R-N=C=O, that reacts with alcohols to form carbamates.	
groups	Methyl phenyl sulfoxide (sulfoxide)	methyl phenyl sulfoxide	A sulfoxide, R-S(=O)-R; the sulfur is a stereocenter with a pyramidal shape.	
groups	Dimethyl sulfone (sulfone)	dimethyl sulfone	A sulfone, R-SO2-R; a stable compound sold as the supplement MSM.	
groups	Methanesulfonic acid (sulfonic acid)	methanesulfonic acid	A sulfonic acid, R-SO3H; a strong acid used in electroplating and catalysis.	
groups	Benzenesulfonamide (sulfonamide)	benzenesulfonamide	A sulfonamide, R-SO2-NH2; the group at the heart of sulfa antibacterial drugs.	
groups	Trimethyl phosphate (phosphate ester)	trimethyl phosphate	A phosphate triester, (RO)3P=O; the same linkage type joins nucleotides in DNA.	
groups	Propylene oxide (epoxide)	propylene oxide	An epoxide, a strained three-membered ring with one oxygen; a feedstock for polyurethanes.	
groups	gamma-Valerolactone (lactone)	gamma-valerolactone	A lactone, a cyclic ester; made from plant biomass and studied as a green solvent and fuel.	
groups	2-Pyrrolidone (lactam)	2-pyrrolidinone	A lactam, a cyclic amide in a five-membered ring; a solvent and precursor to PVP.	
groups	1,1-Diethoxyethane (acetal)	1,1-diethoxyethane	An acetal, R-CH(OR)2, formed from acetaldehyde and ethanol; found in aged spirits.	
groups	Tetrahydro-2H-pyran-2-ol (hemiacetal)	tetrahydro-2H-pyran-2-ol	A cyclic hemiacetal, the same ring motif that sugars like glucose adopt in water.	
groups	Ethyl carbamate (carbamate)	ethyl carbamate	A carbamate, R-O-CO-NH2, also called urethane; forms naturally in fermented foods.	
groups	1,3-Dimethylurea (urea)	1,3-dimethylurea	A substituted urea, R-NH-CO-NH-R, used to make caffeine and textile finishes.	
groups	tert-Butyl hydroperoxide (hydroperoxide)	tert-butyl hydroperoxide	An organic hydroperoxide, R-O-O-H; an oxidant used in Sharpless epoxidation.	
groups	1-Bromobutane (alkyl halide)	1-bromobutane	A primary alkyl halide, R-Br; a classic substrate for SN2 substitution reactions.	
groups	Bromobenzene (aryl halide)	bromobenzene	An aryl halide, Ar-Br; used to make phenyl Grignard reagents and in cross-coupling.	
groups	Cyclohexene (alkene)	cyclohexene	A cyclic alkene with one C=C double bond; a standard substrate for addition reactions.	
groups	1-Hexyne (alkyne)	1-hexyne	A terminal alkyne with a C-C triple bond at the end of a six-carbon chain.	
groups	1,3-Cyclohexadiene (diene)	1,3-cyclohexadiene	A conjugated diene locked in the s-cis shape; a reactive partner in Diels-Alder reactions.	
groups	Propadiene (allene)	propadiene	The simplest allene, C=C=C, whose two end groups lie in perpendicular planes.	
groups	Ketene (ketene)	ketene	The parent ketene, H2C=C=O; a reactive gas used to make acetic anhydride.	
groups	Succinimide (imide)	succinimide	A cyclic imide, two acyl groups on one nitrogen; the core of N-bromosuccinimide.	
groups	Guanidine (guanidine)	guanidine	A very strong organic base whose protonated form spreads charge over three nitrogens.	
groups	Dicyclohexylcarbodiimide (carbodiimide)	N,N'-dicyclohexylcarbodiimide	DCC; a carbodiimide, R-N=C=N-R, used to couple acids and amines in peptide synthesis.	
groups	Nitrosobenzene (nitroso)	nitrosobenzene	A C-nitroso compound, R-N=O; green as a monomer and pale as its dimer.	
groups	S-Methyl thioacetate (thioester)	S-methyl thioacetate	A thioester, R-CO-S-R; the same linkage that activates acetyl groups in acetyl-CoA.	
groups	Thioacetamide (thioamide)	thioacetamide	A thioamide, R-CS-NH2, in which sulfur replaces the oxygen of an amide.	
groups	Triphenylphosphine (phosphine)	triphenylphosphine	A tertiary phosphine, R3P; a common ligand for metals and the reagent in Wittig reactions.	
groups	Phenylboronic acid (boronic acid)	phenylboronic acid	A boronic acid, R-B(OH)2; a partner in Suzuki cross-coupling reactions.	
monomers	Ethylene	ethylene	Simplest alkene and monomer of polyethylene, the most produced plastic; also a plant hormone.	
monomers	Propylene	propylene	Three-carbon alkene polymerized into polypropylene for packaging, fibers and car parts.	
monomers	Styrene	styrene	Vinylbenzene; monomer of polystyrene and, with butadiene, of SBR rubber and ABS.	
monomers	Vinyl chloride	vinyl chloride	Gaseous monomer of PVC (polyvinyl chloride), used for pipes, flooring and window frames.	
monomers	Methyl methacrylate	methyl methacrylate	Monomer of PMMA, the clear acrylic glass sold as Plexiglas and Perspex.	
monomers	Acrylonitrile	acrylonitrile	Monomer of polyacrylonitrile acrylic fibers and carbon fiber, and a component of ABS.	
monomers	Caprolactam	caprolactam	Seven-membered lactam that opens and polymerizes to nylon 6.	
monomers	Adipic acid	adipic acid	Six-carbon dicarboxylic acid that condenses with hexamethylenediamine to form nylon 6,6.	
monomers	Hexamethylenediamine	hexamethylenediamine	Six-carbon diamine, the amine half of nylon 6,6 and a precursor to HDI isocyanate.	
monomers	Terephthalic acid	terephthalic acid	Para-benzenedicarboxylic acid that joins ethylene glycol to form PET bottle plastic.	
monomers	Ethylene glycol	ethylene glycol	Diol used as car antifreeze and as the alcohol half of PET polyester.	
monomers	Bisphenol A	bisphenol A	Diphenol monomer of polycarbonate plastic and epoxy resins; scrutinized as an endocrine disruptor.	
monomers	Glycolic acid	glycolic acid	Smallest alpha-hydroxy acid; monomer of polyglycolic acid used in absorbable sutures.	
monomers	Tetrafluoroethylene	tetrafluoroethylene	Perfluorinated alkene that polymerizes to PTFE, the nonstick coating Teflon.	
monomers	Isoprene	isoprene	Five-carbon diene; the repeat unit of natural rubber and a building block of terpenes.	
monomers	1,3-Butadiene	1,3-butadiene	Conjugated diene monomer of polybutadiene and SBR synthetic rubber used in tires.	
monomers	Chloroprene	chloroprene	2-Chloro-1,3-butadiene; monomer of neoprene, used in wetsuits and laptop sleeves.	
monomers	Vinyl acetate	vinyl acetate	Monomer of polyvinyl acetate in white wood glue and the precursor of polyvinyl alcohol.	
monomers	Acrylic acid	acrylic acid	Monomer of polyacrylic acid and sodium polyacrylate, the superabsorbent in diapers.	
monomers	Formaldehyde	formaldehyde	Simplest aldehyde; a gas used with phenol, urea or melamine to make thermoset resins and in POM.	
monomers	Melamine	melamine	Nitrogen-rich triazine that forms melamine-formaldehyde resin for laminates and dishware.	
monomers	Ethylene oxide	ethylene oxide	Strained epoxide gas that polymerizes to polyethylene glycol (PEG); also a sterilant.	
monomers	Dimethyl terephthalate	dimethyl terephthalate	Diester of terephthalic acid, an alternative feedstock for PET and PBT polyesters.	
monomers	Toluene 2,4-diisocyanate	toluene 2,4-diisocyanate	TDI; a diisocyanate that reacts with polyols to make flexible polyurethane foams.	
monomers	Methylene diphenyl diisocyanate	4,4'-methylenediphenyl diisocyanate	MDI; the diisocyanate behind rigid polyurethane foams, insulation and spandex.	
monomers	Epichlorohydrin	epichlorohydrin	Chlorinated epoxide that couples with bisphenol A to build epoxy resins.	
monomers	Vinylidene chloride	vinylidene chloride	1,1-Dichloroethylene; monomer of PVDC, the gas-barrier film of original Saran wrap.	
monomers	Vinylidene fluoride	1,1-difluoroethylene	Monomer of PVDF, a tough fluoropolymer used in battery binders and piezoelectric films.	
monomers	Hexafluoropropylene	hexafluoropropylene	Fluorinated alkene copolymerized with TFE or VDF to make FEP and Viton fluoroelastomers.	
monomers	Acrylamide	acrylamide	Monomer of polyacrylamide gels for electrophoresis and water treatment; also forms in fried food.	
monomers	Methyl acrylate	methyl acrylate	Acrylate ester comonomer that adds flexibility to acrylic fibers, paints and adhesives.	
monomers	Butyl acrylate	butyl acrylate	Acrylate monomer giving soft, tacky polymers for pressure-sensitive adhesives and latex paints.	
monomers	2-Hydroxyethyl methacrylate	2-hydroxyethyl methacrylate	HEMA; monomer of the water-swelling hydrogel used in soft contact lenses.	
monomers	Methacrylic acid	methacrylic acid	Monomer of polymethacrylic acid and a comonomer in ionomer resins and dental materials.	
monomers	Isobutylene	isobutylene	Branched alkene polymerized with a little isoprene into butyl rubber for inner tubes.	
monomers	Norbornene	2-norbornene	Bicyclic strained alkene that undergoes ring-opening metathesis to polynorbornene.	
monomers	Dicyclopentadiene	dicyclopentadiene	Dimer of cyclopentadiene; ring-opening metathesis gives tough polyDCPD molded parts.	
monomers	epsilon-Caprolactone	epsilon-caprolactone	Seven-membered lactone that opens to polycaprolactone, a biodegradable low-melting polyester.	
monomers	L-Lactide	L-lactide	Cyclic dimer of lactic acid; its ring-opening polymerization is the main route to PLA.	
monomers	1,4-Butanediol	1,4-butanediol	Four-carbon diol used with terephthalic acid to make PBT and in polyurethanes.	
monomers	Maleic anhydride	maleic anhydride	Cyclic anhydride used in unsaturated polyester resins for fiberglass boats and panels.	
monomers	Phthalic anhydride	phthalic anhydride	Aromatic anhydride used to make alkyd paint resins and phthalate plasticizers.	
monomers	Dichlorodimethylsilane	dichlorodimethylsilane	Hydrolyzes and condenses to polydimethylsiloxane (PDMS), the backbone of silicone rubber.	
monomers	N-Vinylpyrrolidone	N-vinyl-2-pyrrolidone	Monomer of polyvinylpyrrolidone (PVP), a binder in tablets, hair gels and adhesives.	
monomers	1,3,5-Trioxane	1,3,5-trioxane	Cyclic trimer of formaldehyde, polymerized to polyoxymethylene (POM, acetal) plastic.	
monomers	Ethyl cyanoacrylate	ethyl 2-cyanoacrylate	The monomer in superglue; traces of water start its rapid anionic polymerization.	
monomers	11-Aminoundecanoic acid	11-aminoundecanoic acid	Castor-oil-derived amino acid that self-condenses to nylon 11 for fuel lines and tubing.	
monomers	Laurolactam	laurolactam	Twelve-carbon lactam that ring-opens to nylon 12, used in tubing and 3D printing powder.	
monomers	p-Phenylenediamine	p-phenylenediamine	Aromatic diamine that condenses with terephthaloyl chloride to make Kevlar aramid fiber.	
monomers	Terephthaloyl chloride	terephthaloyl chloride	Diacyl chloride partner of p-phenylenediamine in making Kevlar and Twaron aramids.	
monomers	4,4'-Oxydianiline	4,4'-oxydianiline	Ether-linked diamine that reacts with pyromellitic dianhydride to form Kapton polyimide.	
monomers	Pyromellitic dianhydride	pyromellitic dianhydride	Aromatic dianhydride that forms heat-resistant polyimides such as Kapton film.	
amino	Alanine (Ala, A)	L-alanine	Small nonpolar proteinogenic amino acid; carries nitrogen from muscle to liver in the glucose-alanine cycle.	
amino	Arginine (Arg, R)	L-arginine	Basic proteinogenic amino acid with a guanidinium group; precursor of nitric oxide, urea and creatine.	
amino	Asparagine (Asn, N)	L-asparagine	Polar amide amino acid in proteins; the attachment site for N-linked glycans on glycoproteins.	
amino	Aspartic acid (Asp, D)	L-aspartic acid	Acidic proteinogenic amino acid; donates nitrogen in the urea cycle and in purine and pyrimidine synthesis.	
amino	Cysteine (Cys, C)	L-cysteine	Thiol-bearing amino acid that forms disulfide bridges in proteins and supplies sulfur to glutathione.	
amino	Glutamic acid (Glu, E)	L-glutamic acid	Acidic amino acid central to nitrogen metabolism and the main excitatory neurotransmitter in the brain.	
amino	Glutamine (Gln, Q)	L-glutamine	Most abundant free amino acid in blood; carries nitrogen between tissues and fuels dividing cells.	
amino	Glycine (Gly, G)	glycine	Simplest amino acid, with no side chain; common in collagen and an inhibitory neurotransmitter in the spinal cord.	1
amino	Histidine (His, H)	L-histidine	Imidazole-bearing amino acid that often acts as a proton shuttle in enzyme active sites; precursor of histamine.	
amino	Isoleucine (Ile, I)	L-isoleucine	Essential branched-chain amino acid with two stereocenters; hydrophobic residue in protein cores.	
amino	Leucine (Leu, L)	L-leucine	Essential branched-chain amino acid; a hydrophobic residue and a signal that switches on muscle protein synthesis.	
amino	Lysine (Lys, K)	L-lysine	Essential basic amino acid with a primary amine side chain; a key site of acetylation on histone proteins.	
amino	Methionine (Met, M)	L-methionine	Essential sulfur amino acid; the start residue of nearly every protein and the precursor of S-adenosylmethionine.	
amino	Phenylalanine (Phe, F)	L-phenylalanine	Essential aromatic amino acid with a benzyl side chain; converted to tyrosine in the liver.	
amino	Proline (Pro, P)	L-proline	Cyclic amino acid whose ring locks the backbone; abundant in collagen and common at turns in proteins.	
amino	Serine (Ser, S)	L-serine	Hydroxyl amino acid; the nucleophile in serine proteases and a frequent phosphorylation site.	
amino	Threonine (Thr, T)	L-threonine	Essential hydroxyl amino acid with two stereocenters; a site of phosphorylation and O-linked glycosylation.	
amino	Tryptophan (Trp, W)	L-tryptophan	Essential amino acid with an indole side chain; precursor of serotonin, melatonin and niacin.	
amino	Tyrosine (Tyr, Y)	L-tyrosine	Aromatic phenol amino acid; precursor of dopamine, adrenaline, thyroid hormones and melanin.	
amino	Valine (Val, V)	L-valine	Essential branched-chain amino acid with an isopropyl side chain; hydrophobic residue in proteins.	
amino	Selenocysteine (Sec, U)	L-selenocysteine	The 21st amino acid, cysteine with selenium in place of sulfur; found in glutathione peroxidase and other enzymes.	
amino	Pyrrolysine (Pyl, O)	pyrrolysine	The 22nd amino acid, a lysine with a pyrroline ring; encoded by UAG in some methane-producing archaea.	
amino	Ornithine	L-ornithine	Non-proteinogenic amino acid that carries the urea cycle; precursor of polyamines such as putrescine.	
amino	Citrulline	L-citrulline	Urea cycle intermediate formed from ornithine and carbamoyl phosphate; named after watermelon (Citrullus).	
amino	Taurine	taurine	Aminosulfonic acid abundant in heart, muscle and retina; conjugates bile acids and helps regulate cell volume.	
amino	beta-Alanine	beta-alanine	Beta amino acid with the amine on the third carbon; building block of carnosine and of pantothenic acid.	
amino	Sarcosine	sarcosine	N-methylglycine, an intermediate of choline and glycine metabolism found in muscle and other tissues.	
amino	4-Hydroxyproline	trans-4-hydroxy-L-proline	Proline hydroxylated after translation; stabilizes the collagen triple helix and requires vitamin C to form.	
amino	D-Alanine	D-alanine	Mirror-image form of alanine; a component of bacterial cell wall peptidoglycan and the target of vancomycin.	
amino	D-Serine	D-serine	D form of serine made by brain cells; a co-agonist at NMDA glutamate receptors.	
amino	Homocysteine	L-homocysteine	Sulfur amino acid formed from methionine; recycled with folate and vitamin B12 or converted to cysteine.	
amino	Cystine	L-cystine	Two cysteines joined by a disulfide bond; the oxidized form found in blood and in kidney stones in cystinuria.	
amino	Homoserine	L-homoserine	Non-proteinogenic amino acid; intermediate in bacterial and plant synthesis of threonine and methionine.	
amino	Carnitine	L-carnitine	Quaternary ammonium compound that carries long-chain fatty acids into mitochondria for beta-oxidation.	
amino	Creatine	creatine	Guanidino compound made from arginine and glycine; stores high-energy phosphate in muscle and brain.	
amino	Theanine	L-theanine	Glutamine analog with an N-ethyl amide, found almost only in tea leaves; gives green tea its savory taste.	
amino	Pyroglutamic acid	L-pyroglutamic acid	Cyclic lactam of glutamic acid; found at the N-terminus of many peptides and in the glutathione cycle.	
amino	Kynurenine	L-kynurenine	Main breakdown product of tryptophan in the kynurenine pathway that leads to NAD+ synthesis.	
amino	Canavanine	L-canavanine	Arginine analog made by legumes such as jack bean; toxic to insects when built into proteins.	
amino	Ergothioneine	ergothioneine	Sulfur-containing histidine derivative made by fungi and bacteria; accumulated by humans as an antioxidant.	
amino	Glycine betaine	betaine	Trimethylglycine; an osmolyte in plants and microbes and a methyl donor in human homocysteine metabolism.	
amino	2-Aminoisobutyric acid	2-aminoisobutyric acid	Non-proteinogenic amino acid found in meteorites and fungal peptides; strongly favors helical peptide shapes.	
nucleic	Adenine	adenine	Purine nucleobase that pairs with thymine in DNA and uracil in RNA; part of ATP, NAD+ and coenzyme A.	1
nucleic	Guanine	guanine	Purine nucleobase that pairs with cytosine through three hydrogen bonds in DNA and RNA.	1
nucleic	Cytosine	cytosine	Pyrimidine nucleobase that pairs with guanine; its methylation regulates gene expression.	
nucleic	Thymine	thymine	Pyrimidine nucleobase, 5-methyluracil, found in DNA where it pairs with adenine.	
nucleic	Uracil	uracil	Pyrimidine nucleobase of RNA that takes the place of thymine and pairs with adenine.	
nucleic	Hypoxanthine	hypoxanthine	Purine base formed by deamination of adenine; found in inosine and recycled by the salvage pathway.	
nucleic	Xanthine	xanthine	Purine base formed from hypoxanthine and guanine; oxidized to uric acid by xanthine oxidase.	
nucleic	5-Methylcytosine	5-methylcytosine	Methylated cytosine at CpG sites in DNA; an epigenetic mark that silences genes.	
nucleic	5-Hydroxymethylcytosine	5-hydroxymethylcytosine	Oxidized 5-methylcytosine made by TET enzymes; an intermediate in active DNA demethylation.	
nucleic	Inosine	inosine	Nucleoside of hypoxanthine and ribose; at the tRNA wobble position it pairs with several bases.	
nucleic	Adenosine	adenosine	Nucleoside of adenine and ribose; a signaling molecule that promotes sleep and dilates blood vessels.	
nucleic	Guanosine	guanosine	Nucleoside of guanine and ribose; a building block of RNA after phosphorylation.	
nucleic	Cytidine	cytidine	Nucleoside of cytosine and ribose; a component of RNA and of CDP-activated lipid precursors.	
nucleic	Thymidine	thymidine	Deoxyribonucleoside of thymine; found only in DNA and used to label dividing cells.	
nucleic	Uridine	uridine	Nucleoside of uracil and ribose; part of RNA and of UDP-sugars used to build glycogen.	
nucleic	Deoxyadenosine	2'-deoxyadenosine	Adenine nucleoside with 2'-deoxyribose; a building block of DNA.	
nucleic	Deoxyguanosine	2'-deoxyguanosine	Guanine nucleoside with 2'-deoxyribose; a building block of DNA and a common oxidation target.	
nucleic	Deoxycytidine	2'-deoxycytidine	Cytosine nucleoside with 2'-deoxyribose; a building block of DNA.	
nucleic	Pseudouridine	pseudouridine	Isomer of uridine with a C-C sugar bond; the most common modified nucleoside in RNA.	
nucleic	7-Methylguanosine	7-methylguanosine	Methylated guanosine that forms the 5' cap of eukaryotic messenger RNA.	
nucleic	Adenosine monophosphate (AMP)	adenosine monophosphate	Adenine ribonucleotide with one phosphate; an RNA monomer and a signal of low cell energy.	
nucleic	Adenosine diphosphate (ADP)	adenosine diphosphate	Adenine nucleotide with two phosphates; phosphorylated to ATP by ATP synthase.	
nucleic	Adenosine triphosphate (ATP)	adenosine triphosphate	Main energy carrier of the cell; hydrolysis of its terminal phosphate drives most cell work.	1
nucleic	Guanosine monophosphate (GMP)	guanosine monophosphate	Guanine ribonucleotide with one phosphate; an RNA monomer and a flavor enhancer.	
nucleic	Guanosine diphosphate (GDP)	guanosine diphosphate	Guanine nucleotide with two phosphates; holds G proteins in their inactive state.	
nucleic	Guanosine triphosphate (GTP)	guanosine triphosphate	Guanine nucleotide with three phosphates; fuels protein synthesis and activates G proteins.	
nucleic	Uridine monophosphate (UMP)	uridine monophosphate	Uracil ribonucleotide; the first pyrimidine nucleotide made in de novo synthesis.	
nucleic	Uridine triphosphate (UTP)	uridine triphosphate	Uracil nucleotide with three phosphates; an RNA precursor that also activates sugars as UDP-glucose.	
nucleic	Cytidine monophosphate (CMP)	cytidine monophosphate	Cytosine ribonucleotide with one phosphate; an RNA monomer and part of CMP-sialic acid.	
nucleic	Cytidine triphosphate (CTP)	cytidine triphosphate	Cytosine nucleotide with three phosphates; an RNA precursor and activator of phospholipid head groups.	
nucleic	Inosine monophosphate (IMP)	inosinic acid	First purine nucleotide made in de novo synthesis; the branch point to AMP and GMP.	
nucleic	Cyclic AMP (cAMP)	cyclic adenosine monophosphate	Second messenger made from ATP by adenylyl cyclase; activates protein kinase A in hormone signaling.	
nucleic	Cyclic GMP (cGMP)	cyclic guanosine monophosphate	Second messenger made from GTP; relaxes smooth muscle and carries the light signal in the retina.	
nucleic	Deoxyadenosine triphosphate (dATP)	deoxyadenosine triphosphate	Deoxyribonucleotide that DNA polymerase adds opposite thymine during DNA replication.	
nucleic	Deoxyguanosine triphosphate (dGTP)	deoxyguanosine triphosphate	Deoxyribonucleotide that DNA polymerase adds opposite cytosine during DNA replication.	
nucleic	Deoxycytidine triphosphate (dCTP)	deoxycytidine triphosphate	Deoxyribonucleotide that DNA polymerase adds opposite guanine during DNA replication.	
nucleic	Thymidine triphosphate (dTTP)	thymidine triphosphate	Deoxyribonucleotide that DNA polymerase adds opposite adenine during DNA replication.	
nucleic	NAD+	nicotinamide adenine dinucleotide	Oxidized dinucleotide coenzyme that accepts hydride in glycolysis and the citric acid cycle.	
nucleic	NADH	NADH	Reduced form of NAD+; carries electrons from catabolism to complex I of the respiratory chain.	
nucleic	NADP+	nicotinamide adenine dinucleotide phosphate	Phosphorylated form of NAD+; the electron acceptor of photosynthesis and the pentose phosphate pathway.	
nucleic	NADPH	NADPH	Reduced form of NADP+; supplies electrons for fatty acid synthesis and antioxidant defense.	
nucleic	Flavin adenine dinucleotide (FAD)	flavin adenine dinucleotide	Riboflavin-derived redox coenzyme bound to enzymes such as succinate dehydrogenase.	
nucleic	Flavin mononucleotide (FMN)	flavin mononucleotide	Riboflavin 5'-phosphate; the redox cofactor of complex I and of many flavoproteins.	
nucleic	Orotic acid	orotic acid	Pyrimidine precursor made in de novo synthesis; joined to PRPP on the way to UMP.	
sugars	D-Glucose (open chain)	aldehydo-D-glucose	Open-chain aldehyde form of glucose; under 1% of glucose in water is in this linear form.	
sugars	alpha-D-Glucopyranose	alpha-D-glucopyranose	Six-membered ring form of glucose with an axial anomeric OH; the unit of starch and glycogen.	1
sugars	beta-D-Glucopyranose	beta-D-glucopyranose	Ring form of glucose with every OH equatorial; the main form in solution and the unit of cellulose.	
sugars	D-Fructose (open chain)	keto-D-fructose	Open-chain ketone form of fructose, the sweetest common natural sugar, found in fruit and honey.	
sugars	beta-D-Fructofuranose	beta-D-fructofuranose	Five-membered ring form of fructose; the form bound in sucrose and in fructose phosphates.	
sugars	beta-D-Fructopyranose	beta-D-fructopyranose	Six-membered ring form of fructose; the main form of free fructose in crystals and in water.	
sugars	D-Galactose (open chain)	aldehydo-D-galactose	Open-chain form of galactose, the C4 epimer of glucose released from lactose by digestion.	
sugars	alpha-D-Galactopyranose	alpha-D-galactopyranose	Alpha ring form of galactose; found in raffinose and in blood group B antigens.	
sugars	beta-D-Galactopyranose	beta-D-galactopyranose	Beta ring form of galactose; joined to glucose in lactose, the sugar of milk.	
sugars	D-Ribose (open chain)	aldehydo-D-ribose	Open-chain form of ribose, the five-carbon aldose sugar of RNA and ATP.	
sugars	beta-D-Ribofuranose	beta-D-ribofuranose	Five-membered ring form of ribose; the sugar unit in RNA, ATP, NAD+ and coenzyme A.	
sugars	2-Deoxy-D-ribose	2-deoxy-D-ribose	Ribose missing the 2' hydroxyl; the sugar of DNA, which makes DNA more stable than RNA.	
sugars	alpha-D-Mannopyranose	alpha-D-mannopyranose	Ring form of mannose, the C2 epimer of glucose; a main sugar of glycoprotein glycans.	
sugars	D-Xylose	D-xylose	Five-carbon aldose that makes up hemicellulose xylan in wood; the source of xylitol.	
sugars	L-Arabinose	L-arabinose	Five-carbon aldose in plant cell wall pectin and hemicellulose; used to switch on genes in bacteria.	
sugars	D-Glyceraldehyde	D-glyceraldehyde	Simplest aldose with three carbons; the reference compound for D and L sugar configuration.	
sugars	Dihydroxyacetone	dihydroxyacetone	Simplest ketose with three carbons; its phosphate is a glycolysis intermediate and it browns skin in sunless tanners.	
sugars	D-Erythrose	D-erythrose	Four-carbon aldose; its 4-phosphate feeds the shikimate pathway to aromatic amino acids.	
sugars	D-Ribulose	D-ribulose	Five-carbon ketose; its 1,5-bisphosphate is the CO2 acceptor of RuBisCO in photosynthesis.	
sugars	D-Xylulose	D-xylulose	Five-carbon ketose; its 5-phosphate is an intermediate of the pentose phosphate pathway.	
sugars	Sedoheptulose	sedoheptulose	Seven-carbon ketose found in plants; its 7-phosphate is a pentose phosphate pathway intermediate.	
sugars	L-Fucose	L-fucose	6-Deoxy-L-galactose found on cell-surface glycans, including the ABO blood group antigens.	
sugars	L-Rhamnose	L-rhamnose	6-Deoxy-L-mannose found in plant pectin, flavonoid glycosides and bacterial cell walls.	
sugars	D-Tagatose	D-tagatose	Rare ketohexose, the C4 epimer of fructose, found in small amounts in heated dairy products.	
sugars	D-Psicose (allulose)	D-psicose	Rare ketohexose, the C3 epimer of fructose, found in small amounts in wheat and figs.	
sugars	Sucrose	sucrose	Table sugar, glucose and fructose joined by an alpha-1,2 bond; the transport sugar of plants.	1
sugars	Lactose	lactose	Milk sugar, galactose joined to glucose by a beta-1,4 bond; digested by the enzyme lactase.	
sugars	Maltose	maltose	Two glucose units joined by an alpha-1,4 bond; released when amylase digests starch.	
sugars	Trehalose	trehalose	Two glucose units joined 1,1 at both anomeric carbons; protects insects, yeasts and plants from drying.	
sugars	Cellobiose	cellobiose	Two glucose units joined by a beta-1,4 bond; the repeating unit of cellulose.	
sugars	Isomaltose	isomaltose	Two glucose units joined by an alpha-1,6 bond, as at the branch points of starch and glycogen.	
sugars	Lactulose	lactulose	Synthetic disaccharide of galactose and fructose; not digested in the small intestine.	
sugars	Raffinose	raffinose	Trisaccharide of galactose, glucose and fructose found in beans and cabbage; fermented by gut bacteria.	
sugars	Stachyose	stachyose	Tetrasaccharide of two galactoses, glucose and fructose; a storage sugar in legume seeds.	
sugars	Sorbitol	D-sorbitol	Sugar alcohol made by reducing glucose; found in fruits such as apples and pears and used as a sweetener.	
sugars	Xylitol	xylitol	Five-carbon sugar alcohol from xylose; a sweetener that oral bacteria cannot ferment.	
sugars	Erythritol	erythritol	Four-carbon sugar alcohol found in fruits and fermented foods; a low-calorie sweetener.	
sugars	Mannitol	D-mannitol	Sugar alcohol made by reducing mannose; abundant in brown algae, fungi and the manna ash tree.	
sugars	Ribitol	ribitol	Five-carbon sugar alcohol from ribose; forms the side chain of riboflavin and part of teichoic acids.	
sugars	Glycerol	glycerol	Three-carbon triol that forms the backbone of triglycerides and phospholipids.	
sugars	myo-Inositol	myo-inositol	Cyclic sugar alcohol; the head group of phosphoinositide lipids and of inositol phosphate messengers.	
sugars	D-Glucosamine	D-glucosamine	Amino sugar with NH2 at C2 of glucose; a building block of chitin and glycosaminoglycans.	
sugars	N-Acetylglucosamine (GlcNAc)	N-acetyl-D-glucosamine	Acetylated glucosamine; the repeating unit of chitin and part of bacterial peptidoglycan.	
sugars	N-Acetylgalactosamine (GalNAc)	N-acetyl-D-galactosamine	Acetylated galactosamine; starts O-linked glycans on proteins and is in the blood group A antigen.	
sugars	N-Acetylneuraminic acid (sialic acid)	N-acetylneuraminic acid	Nine-carbon acidic sugar that caps cell-surface glycans; the receptor for influenza virus.	
sugars	Muramic acid	muramic acid	Glucosamine linked to lactic acid; found only in bacterial cell wall peptidoglycan.	
sugars	D-Glucuronic acid	D-glucuronic acid	Glucose oxidized at C6; liver cells attach glucuronic acid to drugs and bilirubin for excretion.	
sugars	D-Galacturonic acid	D-galacturonic acid	Galactose oxidized at C6; the main unit of pectin in plant cell walls.	
sugars	D-Gluconic acid	D-gluconic acid	Glucose oxidized at C1; found in honey and wine and made by glucose oxidase.	
sugars	alpha-Cyclodextrin	alpha-cyclodextrin	Ring of six alpha-1,4 linked glucose units with a hydrophobic cavity that holds small molecules.	
lipids	Butyric acid	butyric acid	Four-carbon short-chain fatty acid made by gut bacteria from fiber; a main fuel for colon cells.	
lipids	Caproic acid	hexanoic acid	Six-carbon saturated fatty acid found in goat milk fat and coconut oil; has a strong goat-like odor.	
lipids	Caprylic acid	octanoic acid	Eight-carbon saturated fatty acid found in coconut oil and milk; a medium-chain triglyceride component.	
lipids	Capric acid	decanoic acid	Ten-carbon saturated fatty acid found in coconut oil, palm kernel oil and goat milk.	
lipids	Lauric acid	lauric acid	Twelve-carbon saturated fatty acid; the main fatty acid of coconut and palm kernel oil.	
lipids	Myristic acid	myristic acid	Fourteen-carbon saturated fatty acid in nutmeg and milk fat; attached to proteins to anchor them to membranes.	
lipids	Palmitic acid	palmitic acid	Sixteen-carbon saturated fatty acid; the first product of fatty acid synthase and the most common fat in animals.	
lipids	Stearic acid	stearic acid	Eighteen-carbon saturated fatty acid abundant in animal fat and cocoa butter.	
lipids	Arachidic acid	arachidic acid	Twenty-carbon saturated fatty acid found in small amounts in peanut oil.	
lipids	Behenic acid	behenic acid	Twenty-two-carbon saturated fatty acid found in ben oil from moringa seeds and in rapeseed.	
lipids	Lignoceric acid	lignoceric acid	Twenty-four-carbon saturated fatty acid in wood tar and brain sphingolipids; builds up in adrenoleukodystrophy.	
lipids	Palmitoleic acid	palmitoleic acid	Sixteen-carbon omega-7 monounsaturated fatty acid found in macadamia oil and human fat tissue.	
lipids	Oleic acid	oleic acid	Eighteen-carbon cis monounsaturated fatty acid; the main fatty acid of olive oil.	
lipids	Elaidic acid	elaidic acid	Trans isomer of oleic acid; the main trans fat formed in partial hydrogenation of vegetable oils.	
lipids	Vaccenic acid	vaccenic acid	Eighteen-carbon trans omega-7 fatty acid; the main natural trans fat in milk and ruminant fat.	
lipids	Erucic acid	erucic acid	Twenty-two-carbon omega-9 monounsaturated fatty acid abundant in traditional rapeseed and mustard oil.	
lipids	Nervonic acid	nervonic acid	Twenty-four-carbon omega-9 monounsaturated fatty acid enriched in the myelin sphingolipids of nerves.	
lipids	Linoleic acid	linoleic acid	Essential omega-6 fatty acid with two cis double bonds; abundant in sunflower, corn and soybean oil.	
lipids	gamma-Linolenic acid	gamma-linolenic acid	Omega-6 fatty acid with three double bonds found in evening primrose and borage oil.	
lipids	alpha-Linolenic acid	alpha-linolenic acid	Essential omega-3 fatty acid with three cis double bonds; abundant in flaxseed, chia and walnut oil.	
lipids	Arachidonic acid	arachidonic acid	Omega-6 fatty acid with four double bonds; the precursor of prostaglandins, thromboxanes and leukotrienes.	
lipids	Eicosapentaenoic acid (EPA)	eicosapentaenoic acid	Omega-3 fatty acid with five double bonds found in oily fish; precursor of anti-inflammatory mediators.	
lipids	Docosahexaenoic acid (DHA)	docosahexaenoic acid	Omega-3 fatty acid with six double bonds; a major structural fat of brain and retinal membranes.	
lipids	Phytanic acid	phytanic acid	Branched-chain fatty acid from chlorophyll's phytol tail; accumulates in Refsum disease.	
lipids	Tripalmitin	tripalmitin	Triglyceride of three palmitic acids on glycerol; a saturated fat found in palm oil.	
lipids	Tristearin	tristearin	Triglyceride of three stearic acids on glycerol; a solid fat found in beef tallow and cocoa butter.	
lipids	Triolein	triolein	Triglyceride of three oleic acids on glycerol; a main component of olive oil.	
lipids	DPPC (dipalmitoylphosphatidylcholine)	1,2-dipalmitoyl-sn-glycero-3-phosphocholine	Saturated phosphatidylcholine; the main surface-active lipid of lung surfactant.	
lipids	POPC (a phosphatidylcholine)	1-palmitoyl-2-oleoyl-sn-glycero-3-phosphocholine	Phosphatidylcholine with palmitic and oleic tails; a typical lipid of eukaryotic cell membranes.	
lipids	POPE (a phosphatidylethanolamine)	1-palmitoyl-2-oleoyl-sn-glycero-3-phosphoethanolamine	Phosphatidylethanolamine with a small head group; common in inner membranes and bacterial membranes.	
lipids	POPS (a phosphatidylserine)	1-palmitoyl-2-oleoyl-sn-glycero-3-phospho-L-serine	Phosphatidylserine kept on the inner membrane leaflet; exposed on the surface of dying cells.	
lipids	Sphingosine	sphingosine	Eighteen-carbon amino alcohol that forms the backbone of ceramides, sphingomyelin and gangliosides.	
lipids	Sphingosine 1-phosphate	sphingosine 1-phosphate	Phosphorylated sphingosine; a blood-borne lipid signal that guides immune cell movement.	
lipids	Ceramide (C16)	N-palmitoylsphingosine	Sphingosine with an amide-linked palmitic acid; a skin barrier lipid and a signal in cell death.	
lipids	Cholesterol	cholesterol	Four-ring sterol of animal cell membranes that controls fluidity; precursor of steroid hormones and bile acids.	1
lipids	Cholesteryl oleate	cholesteryl oleate	Cholesterol esterified with oleic acid; the main storage form of cholesterol in LDL particles.	
lipids	7-Dehydrocholesterol	7-dehydrocholesterol	Immediate precursor of cholesterol; ultraviolet light converts it in the skin to vitamin D3.	
lipids	Ergosterol	ergosterol	Main sterol of fungal cell membranes; the target of antifungal drugs and precursor of vitamin D2.	
lipids	beta-Sitosterol	beta-sitosterol	Most common plant sterol, found in nuts, seeds and vegetable oils; lowers cholesterol uptake from the gut.	
lipids	Stigmasterol	stigmasterol	Plant sterol with an extra side-chain double bond; found in soybeans and calabar beans.	
lipids	Squalene	squalene	Thirty-carbon triterpene hydrocarbon; precursor of all sterols and abundant in shark liver oil.	
lipids	Lanosterol	lanosterol	First four-ring sterol formed when squalene epoxide cyclizes; precursor of cholesterol in animals and fungi.	
lipids	Prostaglandin E2	prostaglandin E2	Arachidonic acid derivative made by COX enzymes; causes fever, pain and inflammation.	
lipids	Prostaglandin F2alpha	prostaglandin F2alpha	Prostaglandin that contracts uterine smooth muscle and ends the corpus luteum.	
lipids	Prostacyclin (PGI2)	prostacyclin	Prostaglandin made by blood vessel walls that dilates vessels and stops platelet aggregation.	
lipids	Thromboxane A2	thromboxane A2	Unstable eicosanoid made by platelets that causes platelet aggregation and vessel constriction.	
lipids	Leukotriene B4	leukotriene B4	Arachidonic acid derivative made by lipoxygenase; attracts neutrophils to sites of inflammation.	
lipids	Cholic acid	cholic acid	Primary bile acid made from cholesterol in the liver; emulsifies dietary fat in the gut.	
lipids	Chenodeoxycholic acid	chenodeoxycholic acid	Primary bile acid with two hydroxyl groups, made from cholesterol in the liver.	
lipids	Deoxycholic acid	deoxycholic acid	Secondary bile acid made when gut bacteria remove the 7-hydroxyl of cholic acid.	
lipids	Glycocholic acid	glycocholic acid	Cholic acid conjugated with glycine in the liver; a main bile salt in human bile.	
lipids	Taurocholic acid	taurocholic acid	Cholic acid conjugated with taurine in the liver; a strong detergent bile salt.	
vitamins	Retinol (vitamin A1)	retinol	All-trans vitamin A alcohol stored in the liver as esters; precursor of retinal and retinoic acid.	
vitamins	Retinal	all-trans-retinal	All-trans aldehyde form of vitamin A; the form released when rhodopsin absorbs light.	1
vitamins	11-cis-Retinal	11-cis-retinal	Bent aldehyde of vitamin A bound to opsin in rhodopsin; light flips it to the all-trans form.	
vitamins	Retinoic acid	retinoic acid	Acid form of vitamin A that binds nuclear receptors; guides embryonic development and skin cell growth.	
vitamins	beta-Carotene	beta-carotene	Orange plant pigment in carrots and sweet potato; cleaved in the gut into two molecules of retinal.	1
vitamins	Thiamine (vitamin B1)	thiamine	Vitamin B1, a thiazolium and pyrimidine compound; deficiency causes beriberi.	
vitamins	Thiamine pyrophosphate	thiamine pyrophosphate	Active coenzyme form of vitamin B1; used by pyruvate dehydrogenase and transketolase.	
vitamins	Riboflavin (vitamin B2)	riboflavin	Vitamin B2, a yellow isoalloxazine; the precursor of the redox coenzymes FMN and FAD.	
vitamins	Niacin (vitamin B3)	nicotinic acid	Vitamin B3 acid form; precursor of NAD+ and NADP+, and deficiency causes pellagra.	
vitamins	Nicotinamide	nicotinamide	Amide form of vitamin B3; the redox-active part of NAD+ and NADP+.	
vitamins	Pantothenic acid (vitamin B5)	pantothenic acid	Vitamin B5, made of pantoic acid and beta-alanine; the precursor of coenzyme A.	
vitamins	Pyridoxine (vitamin B6)	pyridoxine	Alcohol form of vitamin B6 found in plant foods; converted in the body to pyridoxal phosphate.	
vitamins	Pyridoxal	pyridoxal	Aldehyde form of vitamin B6; phosphorylated to make the active coenzyme.	
vitamins	Pyridoxamine	pyridoxamine	Amine form of vitamin B6; carries the amino group during transamination.	
vitamins	Pyridoxal 5'-phosphate	pyridoxal 5'-phosphate	Active coenzyme of vitamin B6; used by transaminases and decarboxylases in amino acid metabolism.	
vitamins	Biotin (vitamin B7)	biotin	Vitamin B7, a sulfur-containing ring compound; the CO2 carrier for carboxylase enzymes.	
vitamins	Folic acid (vitamin B9)	folic acid	Synthetic oxidized vitamin B9; reduced in the body to tetrahydrofolate, which carries one-carbon units.	
vitamins	L-Methylfolate	levomefolic acid	5-Methyltetrahydrofolate, the main form of folate in blood; donates a methyl group to homocysteine.	
vitamins	Cyanocobalamin (vitamin B12)	cid:5311498	Vitamin B12 with a cyanide ligand on cobalt; the stable form used in supplements.	1
vitamins	Methylcobalamin	methylcobalamin	Coenzyme form of vitamin B12 used by methionine synthase to recycle homocysteine.	
vitamins	Ascorbic acid (vitamin C)	L-ascorbic acid	Vitamin C, a reducing sugar acid; needed to hydroxylate collagen, and deficiency causes scurvy.	1
vitamins	Dehydroascorbic acid	dehydroascorbic acid	Oxidized form of vitamin C; taken up by cells through glucose transporters and reduced back.	
vitamins	Ergocalciferol (vitamin D2)	ergocalciferol	Vitamin D2 made when ultraviolet light strikes ergosterol in fungi and yeast.	
vitamins	Cholecalciferol (vitamin D3)	cholecalciferol	Vitamin D3 made in skin from 7-dehydrocholesterol by ultraviolet B light.	
vitamins	Calcifediol	calcifediol	25-Hydroxyvitamin D3, made in the liver; the main circulating form measured to assess vitamin D status.	
vitamins	Calcitriol	calcitriol	1,25-Dihydroxyvitamin D3, the active hormone made in the kidney; raises calcium uptake from the gut.	
vitamins	alpha-Tocopherol (vitamin E)	alpha-tocopherol	Main form of vitamin E; a lipid-soluble antioxidant that protects membranes from peroxidation.	
vitamins	gamma-Tocopherol	gamma-tocopherol	Form of vitamin E most common in the American diet, found in soybean and corn oil.	
vitamins	Phylloquinone (vitamin K1)	phylloquinone	Vitamin K1 from green plants; needed to carboxylate blood clotting factors.	
vitamins	Menaquinone-4 (vitamin K2)	menatetrenone	Vitamin K2 form with four isoprene units, made in animal tissues from other K vitamins.	
vitamins	Menadione (vitamin K3)	menadione	Synthetic naphthoquinone with no side chain; converted in the body to menaquinone-4.	
vitamins	Choline	choline	Quaternary ammonium nutrient; part of phosphatidylcholine and the precursor of acetylcholine.	
metabolism	Glucose 6-phosphate	D-glucose 6-phosphate	First product of glycolysis, made by hexokinase; the branch point to glycogen and the pentose phosphate pathway.	
metabolism	Fructose 6-phosphate	D-fructose 6-phosphate	Glycolysis intermediate made by isomerizing glucose 6-phosphate; substrate of phosphofructokinase.	
metabolism	Fructose 1,6-bisphosphate	fructose 1,6-bisphosphate	Product of phosphofructokinase, the committed step of glycolysis; split by aldolase into two trioses.	
metabolism	Dihydroxyacetone phosphate	dihydroxyacetone phosphate	Triose phosphate from aldolase; isomerized to glyceraldehyde 3-phosphate or reduced to glycerol phosphate.	
metabolism	Glyceraldehyde 3-phosphate	D-glyceraldehyde 3-phosphate	Triose phosphate oxidized in glycolysis to make NADH; also a product of the Calvin cycle.	
metabolism	1,3-Bisphosphoglycerate	3-phospho-D-glyceroyl phosphate	High-energy acyl phosphate in glycolysis; gives a phosphate to ADP to make the first ATP.	
metabolism	3-Phosphoglycerate	3-phosphoglyceric acid	Glycolysis intermediate and the first stable product of carbon fixation by RuBisCO.	
metabolism	2-Phosphoglycerate	2-phosphoglyceric acid	Glycolysis intermediate dehydrated by enolase to phosphoenolpyruvate.	
metabolism	Phosphoenolpyruvate	phosphoenolpyruvic acid	Highest-energy phosphate in glycolysis; pyruvate kinase transfers its phosphate to ADP.	
metabolism	Pyruvic acid	pyruvic acid	End product of glycolysis; converted to acetyl-CoA, lactate, alanine or oxaloacetate.	
metabolism	L-Lactic acid	L-lactic acid	Product of anaerobic glycolysis in muscle; recycled to glucose by the liver in the Cori cycle.	
metabolism	Acetyl-CoA	acetyl-CoA	Acetyl group bound to coenzyme A; feeds the citric acid cycle and fatty acid and sterol synthesis.	
metabolism	Coenzyme A	coenzyme A	Pantothenic acid-derived thiol coenzyme that carries acyl groups as thioesters.	
metabolism	Malonyl-CoA	malonyl-CoA	Carboxylated acetyl-CoA; the two-carbon donor in fatty acid synthesis and a block on fat oxidation.	
metabolism	Citric acid	citric acid	Tricarboxylic acid formed from acetyl-CoA and oxaloacetate; the first step of the citric acid cycle.	1
metabolism	cis-Aconitic acid	cis-aconitic acid	Citric acid cycle intermediate between citrate and isocitrate, bound to the enzyme aconitase.	
metabolism	Isocitric acid	isocitric acid	Citric acid cycle intermediate oxidized by isocitrate dehydrogenase to release CO2 and NADH.	
metabolism	alpha-Ketoglutaric acid	2-oxoglutaric acid	Citric acid cycle intermediate that links to amino acid metabolism through glutamate.	
metabolism	Succinyl-CoA	succinyl-CoA	Citric acid cycle thioester whose cleavage makes GTP; also the starting point of heme synthesis.	
metabolism	Succinic acid	succinic acid	Citric acid cycle intermediate oxidized to fumarate by complex II of the respiratory chain.	
metabolism	Fumaric acid	fumaric acid	Trans dicarboxylic acid of the citric acid cycle; also made in the urea cycle.	
metabolism	L-Malic acid	L-malic acid	Citric acid cycle intermediate; gives apples their sour taste and shuttles NADH into mitochondria.	
metabolism	Oxaloacetic acid	oxaloacetic acid	Four-carbon keto acid that accepts acetyl-CoA to start the citric acid cycle; a gluconeogenesis precursor.	
metabolism	Glyoxylic acid	glyoxylic acid	Two-carbon aldehyde acid of the glyoxylate cycle, which lets plants and bacteria make sugar from fat.	
metabolism	Ribose 5-phosphate	D-ribose 5-phosphate	Pentose phosphate pathway product used to make nucleotides and histidine.	
metabolism	6-Phosphogluconic acid	6-phosphogluconic acid	Oxidative pentose phosphate pathway intermediate decarboxylated to ribulose 5-phosphate and NADPH.	
metabolism	PRPP	5-phospho-alpha-D-ribose 1-diphosphate	Activated ribose donor for purine, pyrimidine, histidine and NAD+ synthesis.	
metabolism	Acetoacetic acid	acetoacetic acid	Ketone body made by the liver from fatty acids during fasting; used as fuel by heart and brain.	
metabolism	beta-Hydroxybutyric acid	(R)-3-hydroxybutyric acid	Most abundant ketone body in blood during fasting; the reduced form of acetoacetate.	
metabolism	Mevalonic acid	mevalonic acid	Product of HMG-CoA reductase, the target of statins; the precursor of all isoprenoids in animals.	
metabolism	Isopentenyl pyrophosphate	isopentenyl pyrophosphate	Five-carbon isoprene unit from which cholesterol, carotenoids and rubber are built.	
metabolism	Geranyl pyrophosphate	geranyl pyrophosphate	Ten-carbon isoprenoid; the precursor of monoterpenes such as limonene and menthol.	
metabolism	Farnesyl pyrophosphate	farnesyl pyrophosphate	Fifteen-carbon isoprenoid; precursor of squalene and the lipid anchor added to Ras proteins.	
metabolism	Carbamoyl phosphate	carbamoyl phosphate	Activated nitrogen donor that starts the urea cycle and pyrimidine synthesis.	
metabolism	Argininosuccinic acid	argininosuccinic acid	Urea cycle intermediate formed from citrulline and aspartate; split into arginine and fumarate.	
metabolism	Urea	urea	Main nitrogen waste product of mammals, made in the liver urea cycle and excreted in urine.	
metabolism	Uric acid	uric acid	End product of purine breakdown in humans and birds; its crystals cause gout.	
metabolism	Allantoin	allantoin	Product of uric acid oxidation in most mammals other than humans and great apes.	
metabolism	5-Aminolevulinic acid	5-aminolevulinic acid	First committed precursor of heme and chlorophyll, made from glycine and succinyl-CoA in animals.	
metabolism	Porphobilinogen	porphobilinogen	Pyrrole made from two 5-aminolevulinic acids; four of them join to form the porphyrin ring.	
metabolism	Protoporphyrin IX	protoporphyrin IX	Porphyrin ring that receives iron to form heme; it accumulates in some porphyrias.	
metabolism	Heme b	cid:26945	Iron protoporphyrin IX; the oxygen-binding group of hemoglobin and myoglobin and a cytochrome cofactor.	1
metabolism	Chlorophyll a	chlorophyll a	Magnesium chlorin pigment of all oxygen-producing photosynthesis; absorbs red and blue light.	1
metabolism	Biliverdin	biliverdin	Green linear tetrapyrrole made when heme oxygenase opens the heme ring; colors bruises green.	
metabolism	Bilirubin	bilirubin	Yellow-orange breakdown product of heme made from biliverdin; builds up in jaundice.	
metabolism	Coenzyme Q10 (ubiquinone)	coenzyme Q10	Lipid-soluble quinone with ten isoprene units; carries electrons from complexes I and II to complex III.	
metabolism	Ubiquinol	ubiquinol	Reduced form of coenzyme Q10; the electron carrier in membranes and a lipid antioxidant.	
metabolism	S-Adenosylmethionine	S-adenosyl-L-methionine	Universal methyl donor made from methionine and ATP; methylates DNA, proteins and small molecules.	
metabolism	S-Adenosylhomocysteine	S-adenosyl-L-homocysteine	Product left after S-adenosylmethionine donates its methyl group; hydrolyzed to homocysteine.	
metabolism	Glutathione	glutathione	Tripeptide of glutamate, cysteine and glycine; the main thiol antioxidant inside cells.	
metabolism	Glutathione disulfide	glutathione disulfide	Oxidized glutathione dimer; reduced back to glutathione by glutathione reductase with NADPH.	
metabolism	Phosphocreatine	phosphocreatine	Phosphorylated creatine that buffers ATP in muscle and brain during short bursts of activity.	
metabolism	Lipoic acid	alpha-lipoic acid	Dithiolane fatty acid cofactor of pyruvate dehydrogenase and alpha-ketoglutarate dehydrogenase.	
metabolism	Tetrahydrofolate	tetrahydrofolic acid	Reduced folate coenzyme that carries one-carbon units for purine, thymidine and methionine synthesis.	
metabolism	Dopaquinone	dopaquinone	Quinone made by tyrosinase from tyrosine and L-DOPA; the branch point to eumelanin and pheomelanin.	
metabolism	5,6-Dihydroxyindole	5,6-dihydroxyindole	Indole formed from dopachrome; polymerizes to form the black-brown pigment eumelanin.	
hormones	Testosterone	testosterone	Principal male sex hormone, an androgen made mainly in the testes; isolated and synthesized in 1935.	1
hormones	Estradiol	estradiol	The most potent natural estrogen, made mainly in the ovaries; drives female sexual development and cycles.	1
hormones	Estrone	estrone	Weaker estrogen and the main one after menopause; the first steroid hormone isolated, in 1929.	
hormones	Estriol	estriol	Estrogen produced in large amounts by the placenta during pregnancy; weaker than estradiol.	
hormones	Progesterone	progesterone	Steroid hormone of the menstrual cycle and pregnancy that prepares and maintains the uterine lining.	
hormones	Cortisol	hydrocortisone	Main glucocorticoid stress hormone from the adrenal cortex; raises blood glucose and damps inflammation.	1
hormones	Cortisone	cortisone	Inactive glucocorticoid converted to cortisol in tissues; its 1948 use in arthritis won a Nobel Prize.	
hormones	Corticosterone	corticosterone	Adrenal glucocorticoid that is the main stress hormone in rodents, birds and reptiles.	
hormones	Aldosterone	aldosterone	Mineralocorticoid from the adrenal cortex that makes the kidneys retain sodium and excrete potassium.	
hormones	DHEA	dehydroepiandrosterone	Dehydroepiandrosterone, an abundant adrenal steroid that serves as a precursor to androgens and estrogens.	
hormones	Dihydrotestosterone	androstanolone	Potent androgen formed from testosterone by 5-alpha-reductase; drives prostate growth and male hair patterns.	
hormones	Androstenedione	androstenedione	Steroid intermediate made in the adrenals and gonads, converted to testosterone or estrone.	
hormones	Pregnenolone	pregnenolone	First steroid made from cholesterol in the steroid pathway; the precursor of all other steroid hormones.	
hormones	17-Hydroxyprogesterone	17alpha-hydroxyprogesterone	Steroid intermediate on the path to cortisol; measured in newborn screening for adrenal hyperplasia.	
hormones	Allopregnanolone	allopregnanolone	Neurosteroid made from progesterone that enhances GABA-A receptor signaling in the brain.	
hormones	Thyroxine	levothyroxine	T4, the main hormone secreted by the thyroid gland; an iodinated tyrosine derivative that sets metabolic rate.	
hormones	Triiodothyronine	liothyronine	T3, the active thyroid hormone formed from thyroxine; binds nuclear receptors to regulate metabolism.	
hormones	Melatonin	melatonin	Hormone of the pineal gland released in darkness; signals night and helps regulate the sleep-wake cycle.	1
hormones	Adrenaline	epinephrine	Epinephrine, the fight-or-flight hormone of the adrenal medulla; raises heart rate and blood glucose.	1
hormones	Noradrenaline	norepinephrine	Norepinephrine, the main neurotransmitter of the sympathetic nervous system and a brain arousal signal.	
hormones	Dopamine	dopamine	Catecholamine neurotransmitter for movement, motivation and reward; its loss underlies Parkinson's disease.	1
hormones	Serotonin	serotonin	5-hydroxytryptamine, a neurotransmitter for mood, sleep and gut motility; most of it is made in the gut.	1
hormones	Histamine	histamine	Amine released by mast cells in allergy and inflammation; also a neurotransmitter and stomach acid signal.	
hormones	Acetylcholine	acetylcholine	First neurotransmitter identified (1921); signals at nerve-muscle junctions and in the autonomic system.	
hormones	GABA	gamma-aminobutyric acid	Gamma-aminobutyric acid, the main inhibitory neurotransmitter of the mammalian brain.	
hormones	L-DOPA	levodopa	Amino acid precursor of dopamine; given as levodopa, it is the main treatment for Parkinson's disease.	
hormones	Anandamide	anandamide	First endocannabinoid found (1992); a fatty acid amide that activates the brain's cannabinoid receptors.	
hormones	2-Arachidonoylglycerol	2-arachidonoylglycerol	2-AG, the most abundant endocannabinoid; a glycerol ester that acts as a retrograde synaptic signal.	
hormones	Oxytocin	oxytocin	Nine-residue peptide hormone for labor contractions and milk let-down; the first peptide hormone synthesized.	1
hormones	Vasopressin	argipressin	Antidiuretic hormone, a nine-residue peptide that makes the kidneys conserve water and constricts vessels.	
hormones	Thyrotropin-releasing hormone	protirelin	TRH, a three-residue hypothalamic peptide that triggers release of thyroid-stimulating hormone.	
hormones	Gonadotropin-releasing hormone	gonadorelin	GnRH, a ten-residue hypothalamic peptide that controls the release of LH and FSH from the pituitary.	
hormones	Angiotensin II	angiotensin II	Eight-residue peptide of the renin-angiotensin system that constricts vessels and raises blood pressure.	
hormones	Bradykinin	bradykinin	Nine-residue peptide that dilates blood vessels and causes pain in inflammation; broken down by ACE.	
hormones	Met-enkephalin	met-enkephalin	Five-residue endogenous opioid peptide, isolated from pig brain in 1975 with Leu-enkephalin.	
hormones	Leu-enkephalin	leu-enkephalin	Five-residue endogenous opioid peptide ending in leucine; one of the first natural opioids found.	
hormones	Prostaglandin E2	dinoprostone	Lipid mediator made by COX enzymes; causes fever, pain and inflammation and ripens the cervix in labor.	
hormones	Prostaglandin F2-alpha	dinoprost	Prostaglandin that contracts uterine smooth muscle and ends the corpus luteum in many mammals.	
hormones	Prostacyclin	epoprostenol	Prostaglandin I2, an eicosanoid made by vessel walls that dilates vessels and inhibits platelets.	
hormones	Indole-3-acetic acid	indole-3-acetic acid	Auxin, the main plant growth hormone; controls cell elongation and bending of shoots toward light.	
hormones	Gibberellic acid	gibberellic acid	Plant hormone first found in a rice fungus; stimulates stem growth and seed germination.	
hormones	Abscisic acid	abscisic acid	Plant stress hormone that closes stomata during drought and keeps seeds dormant.	
hormones	Zeatin	trans-zeatin	Natural cytokinin first isolated from maize kernels; promotes plant cell division and delays leaf aging.	
hormones	Kinetin	kinetin	First cytokinin discovered (1955), in autoclaved DNA; promotes cell division in plant tissue culture.	
hormones	Jasmonic acid	jasmonic acid	Plant hormone made from linolenic acid that triggers defenses against insects and wounding.	
hormones	Brassinolide	brassinolide	Plant steroid hormone first isolated from rapeseed pollen; promotes cell expansion and growth.	
hormones	Strigol	strigol	First strigolactone found, from cotton roots; signals branching and triggers parasitic weed germination.	
hormones	Juvenile hormone III	cid:5282230	Insect sesquiterpenoid hormone that keeps larvae in the juvenile state and blocks metamorphosis.	
hormones	Ecdysone	ecdysone	Insect steroid molting hormone, isolated from silkworm pupae in 1954; converted to 20-hydroxyecdysone.	
hormones	20-Hydroxyecdysone	20-hydroxyecdysone	Active form of the insect molting hormone; binds the ecdysone receptor to start each molt.	
hormones	Bombykol	bombykol	Sex pheromone of the female silk moth; the first pheromone chemically identified, in 1959.	
hormones	Disparlure	disparlure	Epoxide sex pheromone of the female gypsy moth, used in traps to monitor this forest pest.	
hormones	9-Oxo-2-decenoic acid	9-oxo-2-decenoic acid	Main queen mandibular pheromone of the honeybee; suppresses worker ovaries and attracts drones.	
hormones	Tyramine	tyramine	Trace amine formed from tyrosine and found in aged cheese; releases noradrenaline from nerve endings.	
hormones	Octopamine	octopamine	Invertebrate counterpart of noradrenaline; first found in octopus salivary glands.	
hormones	Tryptamine	tryptamine	Trace amine made from tryptophan; the core structure of serotonin, melatonin and many alkaloids.	
hormones	Phenethylamine	phenethylamine	Trace amine made from phenylalanine; the parent structure of the catecholamines and amphetamines.	
hormones	N-Acetylserotonin	N-acetylserotonin	Intermediate between serotonin and melatonin in the pineal gland; also active at TrkB receptors.	
drugs	Aspirin	aspirin	Acetylsalicylic acid, an NSAID for pain, fever and clot prevention; marketed by Bayer in 1899.	1
drugs	Paracetamol	acetaminophen	Acetaminophen, a common analgesic and fever reducer with weak anti-inflammatory action; brand Tylenol.	1
drugs	Ibuprofen	ibuprofen	Propionic acid NSAID for pain, fever and inflammation; developed by Boots in the 1960s.	1
drugs	Naproxen	naproxen	Long-acting NSAID used for arthritis, menstrual pain and other inflammatory pain.	
drugs	Diclofenac	diclofenac	NSAID used for arthritis and acute pain, taken orally or applied as a topical gel.	
drugs	Celecoxib	celecoxib	Selective COX-2 inhibitor NSAID for arthritis, designed to reduce stomach side effects; brand Celebrex.	
drugs	Indomethacin	indomethacin	Potent NSAID used for gout attacks and arthritis, and to close a patent ductus arteriosus in infants.	
drugs	Ketorolac	ketorolac	NSAID for short-term treatment of moderate to severe pain, often given by injection.	
drugs	Meloxicam	meloxicam	Oxicam NSAID with partial COX-2 preference, used for osteoarthritis and rheumatoid arthritis.	
drugs	Morphine	morphine	Principal alkaloid of opium, isolated in 1804; an opioid analgesic for severe pain.	1
drugs	Codeine	codeine	Opium alkaloid used for mild pain and cough; converted in the liver to morphine.	
drugs	Oxycodone	oxycodone	Semi-synthetic opioid made from thebaine, used for moderate to severe pain.	
drugs	Hydromorphone	hydromorphone	Semi-synthetic opioid derived from morphine, used for severe pain in hospitals and palliative care.	
drugs	Fentanyl	fentanyl	Synthetic opioid anesthetic and analgesic, about 100 times more potent than morphine; made in 1960.	
drugs	Methadone	methadone	Long-acting synthetic opioid used for chronic pain and for opioid use disorder maintenance.	
drugs	Buprenorphine	buprenorphine	Partial opioid agonist from thebaine, used for pain and to treat opioid use disorder.	
drugs	Naloxone	naloxone	Opioid receptor antagonist that rapidly reverses opioid overdose; brand Narcan.	
drugs	Naltrexone	naltrexone	Long-acting opioid antagonist used to treat alcohol and opioid use disorders.	
drugs	Tramadol	tramadol	Weak opioid analgesic that also blocks serotonin and noradrenaline reuptake; used for moderate pain.	
drugs	Penicillin G	benzylpenicillin	Benzylpenicillin, the first penicillin used clinically (1940s), from Fleming's 1928 mold discovery.	1
drugs	Amoxicillin	amoxicillin	Broad-spectrum aminopenicillin antibiotic for ear, throat, chest and urinary infections.	
drugs	Ampicillin	ampicillin	Early broad-spectrum aminopenicillin antibiotic (1961) active against many gram-negative bacteria.	
drugs	Cephalexin	cephalexin	First-generation cephalosporin antibiotic taken orally for skin, bone and urinary infections.	
drugs	Ceftriaxone	ceftriaxone	Third-generation cephalosporin given by injection for meningitis, gonorrhea and severe infections.	
drugs	Meropenem	meropenem	Carbapenem beta-lactam antibiotic with a very broad spectrum, reserved for serious hospital infections.	
drugs	Ciprofloxacin	ciprofloxacin	Fluoroquinolone antibiotic that blocks bacterial DNA gyrase; used for urinary and gut infections.	
drugs	Levofloxacin	levofloxacin	Fluoroquinolone antibiotic, the active L-isomer of ofloxacin, used for pneumonia and sinus infections.	
drugs	Doxycycline	doxycycline	Tetracycline antibiotic for acne, Lyme disease, chlamydia and malaria prevention.	
drugs	Tetracycline	tetracycline	Broad-spectrum antibiotic from Streptomyces that blocks the bacterial ribosome; introduced in the 1950s.	
drugs	Azithromycin	azithromycin	Macrolide antibiotic with a long half-life, used for respiratory and sexually transmitted infections.	
drugs	Erythromycin	erythromycin	Macrolide antibiotic from Saccharopolyspora erythraea (1952), an option for penicillin allergy.	
drugs	Clarithromycin	clarithromycin	Macrolide antibiotic used for respiratory infections and in Helicobacter pylori treatment.	
drugs	Vancomycin	vancomycin	Glycopeptide antibiotic that blocks cell wall building; a key treatment for MRSA infections.	
drugs	Sulfamethoxazole	sulfamethoxazole	Sulfonamide antibiotic that blocks bacterial folate synthesis; usually paired with trimethoprim.	
drugs	Trimethoprim	trimethoprim	Antibiotic that inhibits bacterial dihydrofolate reductase; used for urinary tract infections.	
drugs	Metronidazole	metronidazole	Nitroimidazole that kills anaerobic bacteria and protozoa such as Giardia and Trichomonas.	
drugs	Chloramphenicol	chloramphenicol	Broad-spectrum antibiotic from Streptomyces (1947); now limited by its rare bone marrow toxicity.	
drugs	Linezolid	linezolid	Oxazolidinone antibiotic that blocks bacterial protein synthesis; used for resistant gram-positive infections.	
drugs	Clindamycin	clindamycin	Lincosamide antibiotic for skin, bone and anaerobic infections, also used topically for acne.	
drugs	Gentamicin	gentamicin C1	Aminoglycoside antibiotic from Micromonospora, given by injection for serious gram-negative infections.	
drugs	Nitrofurantoin	nitrofurantoin	Antibiotic that concentrates in urine, used to treat and prevent bladder infections.	
drugs	Rifampicin	rifampicin	Rifamycin antibiotic that blocks bacterial RNA polymerase; a first-line drug for tuberculosis.	
drugs	Isoniazid	isoniazid	First-line tuberculosis drug since 1952 that blocks mycolic acid synthesis in mycobacteria.	
drugs	Ethambutol	ethambutol	First-line tuberculosis drug that blocks building of the mycobacterial cell wall.	
drugs	Pyrazinamide	pyrazinamide	First-line tuberculosis drug that shortens therapy by killing slow-growing bacilli.	
drugs	Acyclovir	acyclovir	Guanosine analog antiviral for herpes simplex and shingles; its discovery led to a 1988 Nobel Prize.	
drugs	Valacyclovir	valacyclovir	Valine ester prodrug of acyclovir with better oral uptake, used for herpes and shingles.	
drugs	Oseltamivir	oseltamivir	Neuraminidase inhibitor antiviral for influenza A and B; brand Tamiflu.	
drugs	Zidovudine	zidovudine	AZT, the first approved HIV drug (1987); a nucleoside reverse transcriptase inhibitor.	
drugs	Lamivudine	lamivudine	Nucleoside reverse transcriptase inhibitor used in HIV combination therapy and for hepatitis B.	
drugs	Tenofovir	tenofovir	Nucleotide reverse transcriptase inhibitor for HIV and hepatitis B, given as prodrug salts.	
drugs	Efavirenz	efavirenz	Non-nucleoside reverse transcriptase inhibitor long used in first-line HIV combination therapy.	
drugs	Dolutegravir	dolutegravir	HIV integrase inhibitor that blocks insertion of viral DNA into the host genome.	
drugs	Ritonavir	ritonavir	HIV protease inhibitor now used mainly at low doses to boost levels of other antivirals.	
drugs	Remdesivir	remdesivir	Nucleotide prodrug that blocks viral RNA polymerase; approved for COVID-19 in 2020.	
drugs	Nirmatrelvir	nirmatrelvir	SARS-CoV-2 main protease inhibitor taken with ritonavir for COVID-19; brand Paxlovid.	
drugs	Sofosbuvir	sofosbuvir	Nucleotide inhibitor of the hepatitis C NS5B polymerase; part of curative hepatitis C regimens.	
drugs	Fluconazole	fluconazole	Triazole antifungal for candida infections and cryptococcal meningitis.	
drugs	Ketoconazole	ketoconazole	Imidazole antifungal now used mainly in creams and shampoos for skin and scalp infections.	
drugs	Clotrimazole	clotrimazole	Imidazole antifungal applied to the skin for athlete's foot, ringworm and yeast infections.	
drugs	Terbinafine	terbinafine	Allylamine antifungal that blocks squalene epoxidase; used for nail and skin fungal infections.	
drugs	Amphotericin B	amphotericin B	Polyene antifungal from Streptomyces that binds ergosterol; used for severe systemic fungal infections.	
drugs	Nystatin	cid:6433272	Polyene antifungal discovered in 1950 by two New York State researchers; used for oral and skin candida.	
drugs	Griseofulvin	griseofulvin	Antifungal from Penicillium molds, taken orally for ringworm of the scalp, skin and nails.	
drugs	Ivermectin B1a	cid:6321424	Major component of ivermectin, an antiparasitic for river blindness; its discovery won a 2015 Nobel Prize.	
drugs	Praziquantel	praziquantel	Anthelmintic used for schistosomiasis and tapeworm infections.	
drugs	Albendazole	albendazole	Benzimidazole anthelmintic that blocks worm tubulin; used for many intestinal worm infections.	
drugs	Mefloquine	mefloquine	Quinoline antimalarial used for treatment and prevention of malaria.	
drugs	Chloroquine	chloroquine	Synthetic 4-aminoquinoline antimalarial widely used from the 1940s; resistance is now common.	
drugs	Hydroxychloroquine	hydroxychloroquine	Antimalarial derivative of chloroquine, now mainly used for lupus and rheumatoid arthritis.	
drugs	Atorvastatin	atorvastatin	Statin that inhibits HMG-CoA reductase to lower LDL cholesterol; brand Lipitor.	
drugs	Simvastatin	simvastatin	Statin made from a fungal product (lovastatin) that lowers LDL cholesterol and cardiovascular risk.	
drugs	Rosuvastatin	rosuvastatin	High-potency synthetic statin that lowers LDL cholesterol; brand Crestor.	
drugs	Ezetimibe	ezetimibe	Cholesterol absorption inhibitor that blocks the NPC1L1 transporter in the gut.	
drugs	Lisinopril	lisinopril	ACE inhibitor for high blood pressure and heart failure; a lysine analog of enalaprilat.	
drugs	Enalapril	enalapril	ACE inhibitor prodrug for hypertension and heart failure, converted to enalaprilat in the liver.	
drugs	Ramipril	ramipril	ACE inhibitor used for hypertension and to reduce cardiovascular risk after heart attack.	
drugs	Losartan	losartan	First angiotensin II receptor blocker (1995), used for high blood pressure and kidney protection.	
drugs	Valsartan	valsartan	Angiotensin II receptor blocker for hypertension and heart failure.	
drugs	Amlodipine	amlodipine	Long-acting dihydropyridine calcium channel blocker for high blood pressure and angina.	
drugs	Nifedipine	nifedipine	Dihydropyridine calcium channel blocker that relaxes arteries; used for hypertension and angina.	
drugs	Diltiazem	diltiazem	Benzothiazepine calcium channel blocker for angina, hypertension and atrial fibrillation rate control.	
drugs	Verapamil	verapamil	Phenylalkylamine calcium channel blocker that slows heart conduction; used for arrhythmias and angina.	
drugs	Metoprolol	metoprolol	Beta-1 selective beta blocker for hypertension, angina, heart failure and after heart attacks.	
drugs	Propranolol	propranolol	First successful beta blocker (1960s), whose developer James Black won a Nobel Prize.	
drugs	Atenolol	atenolol	Water-soluble beta-1 selective beta blocker used for high blood pressure and angina.	
drugs	Carvedilol	carvedilol	Beta blocker that also blocks alpha-1 receptors; used for heart failure and hypertension.	
drugs	Warfarin	warfarin	Vitamin K antagonist anticoagulant first sold as a rat poison in 1948; brand Coumadin.	
drugs	Apixaban	apixaban	Direct factor Xa inhibitor anticoagulant for atrial fibrillation and venous clots; brand Eliquis.	
drugs	Rivaroxaban	rivaroxaban	Oral direct factor Xa inhibitor anticoagulant for stroke prevention and deep vein thrombosis.	
drugs	Clopidogrel	clopidogrel	Antiplatelet prodrug that blocks the P2Y12 ADP receptor; used after heart attacks and stents.	
drugs	Digoxin	digoxin	Cardiac glycoside from the foxglove Digitalis lanata; used for heart failure and atrial fibrillation.	
drugs	Amiodarone	amiodarone	Iodine-rich antiarrhythmic drug used for serious ventricular and atrial rhythm disorders.	
drugs	Furosemide	furosemide	Loop diuretic that blocks salt uptake in the kidney; used for edema and heart failure.	
drugs	Hydrochlorothiazide	hydrochlorothiazide	Thiazide diuretic used for high blood pressure and fluid retention.	
drugs	Spironolactone	spironolactone	Steroid aldosterone antagonist and potassium-sparing diuretic for heart failure and hypertension.	
drugs	Hydralazine	hydralazine	Direct arterial vasodilator used for hypertension, including high blood pressure in pregnancy.	
drugs	Clonidine	clonidine	Alpha-2 adrenergic agonist that lowers sympathetic tone; used for hypertension and ADHD.	
drugs	Metformin	metformin	Biguanide that lowers liver glucose output; first-line drug for type 2 diabetes, from French lilac lore.	
drugs	Glipizide	glipizide	Sulfonylurea that stimulates insulin release from the pancreas in type 2 diabetes.	
drugs	Glibenclamide	glyburide	Glyburide, a second-generation sulfonylurea that stimulates insulin release in type 2 diabetes.	
drugs	Pioglitazone	pioglitazone	Thiazolidinedione that activates PPAR-gamma to improve insulin sensitivity in type 2 diabetes.	
drugs	Sitagliptin	sitagliptin	DPP-4 inhibitor that prolongs incretin hormone action in type 2 diabetes; brand Januvia.	
drugs	Empagliflozin	empagliflozin	SGLT2 inhibitor that makes the kidneys excrete glucose; used in diabetes and heart failure.	
drugs	Dapagliflozin	dapagliflozin	SGLT2 inhibitor for type 2 diabetes, heart failure and chronic kidney disease.	
drugs	Fluoxetine	fluoxetine	Selective serotonin reuptake inhibitor antidepressant, approved in 1987; brand Prozac.	
drugs	Sertraline	sertraline	SSRI antidepressant used for depression, panic disorder, OCD and PTSD; brand Zoloft.	
drugs	Citalopram	citalopram	Racemic SSRI antidepressant used for depression; the parent of escitalopram.	
drugs	Escitalopram	escitalopram	S-enantiomer of citalopram, an SSRI for depression and generalized anxiety disorder.	
drugs	Paroxetine	paroxetine	SSRI antidepressant used for depression, panic disorder and social anxiety.	
drugs	Venlafaxine	venlafaxine	Serotonin-noradrenaline reuptake inhibitor (SNRI) antidepressant for depression and anxiety.	
drugs	Duloxetine	duloxetine	SNRI used for depression, anxiety, diabetic nerve pain and fibromyalgia.	
drugs	Bupropion	bupropion	Antidepressant that inhibits dopamine and noradrenaline reuptake; also used for smoking cessation.	
drugs	Mirtazapine	mirtazapine	Tetracyclic antidepressant that blocks alpha-2 receptors; often used when sleep is poor.	
drugs	Trazodone	trazodone	Serotonin antagonist and reuptake inhibitor antidepressant, often prescribed for insomnia.	
drugs	Amitriptyline	amitriptyline	Tricyclic antidepressant now widely used at low doses for nerve pain and migraine prevention.	
drugs	Imipramine	imipramine	First tricyclic antidepressant, found in 1957 during a search for antipsychotics.	
drugs	Diazepam	diazepam	Benzodiazepine for anxiety, muscle spasm, alcohol withdrawal and seizures; brand Valium (1963).	
drugs	Alprazolam	alprazolam	Triazolobenzodiazepine used for anxiety and panic disorder; brand Xanax.	
drugs	Lorazepam	lorazepam	Benzodiazepine used for anxiety, sedation before procedures and prolonged seizures.	
drugs	Midazolam	midazolam	Short-acting water-soluble benzodiazepine used for sedation and before anesthesia.	
drugs	Zolpidem	zolpidem	Non-benzodiazepine hypnotic that acts at GABA-A receptors; used short-term for insomnia.	
drugs	Buspirone	buspirone	Anxiolytic that acts as a serotonin 5-HT1A partial agonist; not a benzodiazepine.	
drugs	Haloperidol	haloperidol	Butyrophenone typical antipsychotic (1958) that blocks dopamine D2 receptors.	
drugs	Chlorpromazine	chlorpromazine	First antipsychotic drug (1952), a phenothiazine that transformed psychiatric care.	
drugs	Clozapine	clozapine	Atypical antipsychotic reserved for treatment-resistant schizophrenia; needs blood count monitoring.	
drugs	Risperidone	risperidone	Atypical antipsychotic for schizophrenia and bipolar disorder that blocks D2 and 5-HT2A receptors.	
drugs	Olanzapine	olanzapine	Atypical antipsychotic of the thienobenzodiazepine class for schizophrenia and bipolar disorder.	
drugs	Quetiapine	quetiapine	Atypical antipsychotic used for schizophrenia, bipolar disorder and as add-on for depression.	
drugs	Aripiprazole	aripiprazole	Atypical antipsychotic that is a dopamine D2 partial agonist; used for schizophrenia and bipolar disorder.	
drugs	Methylphenidate	methylphenidate	Central nervous system stimulant that blocks dopamine reuptake; an ADHD medicine, brand Ritalin.	
drugs	Amphetamine	amphetamine	Central nervous system stimulant used as an ADHD and narcolepsy medicine; first made in 1887.	
drugs	Atomoxetine	atomoxetine	Non-stimulant ADHD medicine that selectively inhibits noradrenaline reuptake.	
drugs	Modafinil	modafinil	Wakefulness-promoting agent used for narcolepsy and shift work sleep disorder.	
drugs	Carbamazepine	carbamazepine	Anticonvulsant that blocks sodium channels; used for epilepsy, trigeminal neuralgia and bipolar disorder.	
drugs	Valproic acid	valproic acid	Branched fatty acid anticonvulsant for epilepsy and bipolar disorder; its activity was found by chance in 1962.	
drugs	Lamotrigine	lamotrigine	Anticonvulsant that blocks sodium channels; used for epilepsy and bipolar depression.	
drugs	Levetiracetam	levetiracetam	Anticonvulsant that binds synaptic vesicle protein SV2A; widely used for epilepsy.	
drugs	Phenytoin	phenytoin	Hydantoin anticonvulsant introduced in 1938; blocks sodium channels to control seizures.	
drugs	Phenobarbital	phenobarbital	Barbiturate anticonvulsant in use since 1912; still common for epilepsy in many countries.	
drugs	Topiramate	topiramate	Sugar-derived anticonvulsant used for epilepsy and migraine prevention.	
drugs	Gabapentin	gabapentin	GABA analog that binds the alpha-2-delta calcium channel subunit; used for seizures and nerve pain.	
drugs	Pregabalin	pregabalin	Alpha-2-delta ligand related to gabapentin, used for nerve pain, fibromyalgia and anxiety.	
drugs	Donepezil	donepezil	Acetylcholinesterase inhibitor that eases symptoms of Alzheimer's disease; brand Aricept.	
drugs	Memantine	memantine	NMDA receptor antagonist used for moderate to severe Alzheimer's disease.	
drugs	Sumatriptan	sumatriptan	First triptan (1991), a serotonin 5-HT1B/1D agonist that treats acute migraine attacks.	
drugs	Ketamine	ketamine	Dissociative anesthetic that blocks NMDA receptors; used in surgery and for treatment-resistant depression.	
drugs	Propofol	propofol	Short-acting intravenous anesthetic for inducing and maintaining general anesthesia.	
drugs	Lidocaine	lidocaine	Amide local anesthetic (1943) that blocks nerve sodium channels; also an antiarrhythmic.	
drugs	Procaine	procaine	Ester local anesthetic made in 1905 as a safer substitute for cocaine; brand Novocain.	
drugs	Benzocaine	benzocaine	Ester local anesthetic applied to skin and mucosa, for example in throat lozenges and gels.	
drugs	Baclofen	baclofen	GABA-B receptor agonist used to relieve muscle spasticity in multiple sclerosis and spinal injury.	
drugs	Varenicline	varenicline	Nicotinic receptor partial agonist derived from cytisine, used to help people quit smoking.	
drugs	Disulfiram	disulfiram	Aldehyde dehydrogenase inhibitor used to deter alcohol use by causing unpleasant reactions.	
drugs	Omeprazole	omeprazole	First proton pump inhibitor (1989) that reduces stomach acid for ulcers and reflux; brand Prilosec.	
drugs	Esomeprazole	esomeprazole	S-enantiomer of omeprazole, a proton pump inhibitor for reflux and ulcers; brand Nexium.	
drugs	Ranitidine	ranitidine	H2 receptor antagonist for ulcers and reflux; withdrawn in 2020 over an NDMA impurity.	
drugs	Famotidine	famotidine	H2 receptor antagonist that reduces stomach acid; used for heartburn and ulcers.	
drugs	Loperamide	loperamide	Opioid receptor agonist that acts on the gut wall to treat diarrhea; brand Imodium.	
drugs	Ondansetron	ondansetron	Serotonin 5-HT3 antagonist that prevents nausea from chemotherapy and surgery.	
drugs	Metoclopramide	metoclopramide	Dopamine antagonist that speeds stomach emptying and relieves nausea.	
drugs	Loratadine	loratadine	Non-sedating H1 antihistamine for hay fever and hives; brand Claritin.	
drugs	Cetirizine	cetirizine	Second-generation H1 antihistamine for allergies and hives; a metabolite of hydroxyzine.	
drugs	Fexofenadine	fexofenadine	Non-sedating H1 antihistamine, the active metabolite of terfenadine; brand Allegra.	
drugs	Diphenhydramine	diphenhydramine	First-generation sedating H1 antihistamine (1946) for allergies and short-term sleep aid.	
drugs	Salbutamol	salbutamol	Albuterol, a short-acting beta-2 agonist inhaler that relieves asthma bronchospasm.	
drugs	Montelukast	montelukast	Leukotriene receptor antagonist taken orally for asthma and allergic rhinitis.	
drugs	Pseudoephedrine	pseudoephedrine	Sympathomimetic nasal decongestant, a stereoisomer of ephedrine; brand Sudafed.	
drugs	Budesonide	budesonide	Inhaled and oral corticosteroid used for asthma, COPD and inflammatory bowel disease.	
drugs	Fluticasone propionate	fluticasone propionate	Inhaled and nasal corticosteroid for asthma and allergic rhinitis; brand Flonase.	
drugs	Ipratropium	ipratropium	Inhaled anticholinergic bronchodilator for COPD, derived from atropine.	
drugs	Prednisone	prednisone	Synthetic glucocorticoid prodrug converted to prednisolone; used for many inflammatory diseases.	
drugs	Prednisolone	prednisolone	Synthetic glucocorticoid used for asthma, autoimmune disease and inflammation.	
drugs	Dexamethasone	dexamethasone	Potent long-acting fluorinated glucocorticoid for inflammation, brain swelling and severe COVID-19.	
drugs	Paclitaxel	paclitaxel	Taxane from the Pacific yew that stabilizes microtubules; used for ovarian, breast and lung cancer.	1
drugs	Doxorubicin	doxorubicin	Anthracycline anticancer antibiotic from Streptomyces that intercalates DNA; used for many cancers.	
drugs	Methotrexate	methotrexate	Folate antagonist used for leukemia and other cancers and, at low doses, rheumatoid arthritis.	
drugs	Imatinib	imatinib	BCR-ABL tyrosine kinase inhibitor that transformed chronic myeloid leukemia care; brand Gleevec.	
drugs	Tamoxifen	tamoxifen	Selective estrogen receptor modulator used to treat and prevent estrogen-receptor-positive breast cancer.	
drugs	Fluorouracil	fluorouracil	5-FU, a pyrimidine analog that blocks thymidylate synthase; used for colorectal and other cancers.	
drugs	Cyclophosphamide	cyclophosphamide	Alkylating anticancer prodrug activated in the liver; also used as an immunosuppressant.	
drugs	Vincristine	vincristine	Vinca alkaloid from the Madagascar periwinkle that blocks microtubules; used for leukemia and lymphoma.	
drugs	Letrozole	letrozole	Aromatase inhibitor that blocks estrogen synthesis; used for hormone-sensitive breast cancer.	
drugs	Anastrozole	anastrozole	Nonsteroidal aromatase inhibitor for hormone-receptor-positive breast cancer after menopause.	
drugs	Sildenafil	sildenafil	PDE5 inhibitor for erectile dysfunction and pulmonary hypertension; first studied for angina. Brand Viagra.	
drugs	Tadalafil	tadalafil	Long-acting PDE5 inhibitor for erectile dysfunction, enlarged prostate and pulmonary hypertension.	
drugs	Finasteride	finasteride	5-alpha-reductase inhibitor that lowers DHT; used for enlarged prostate and male pattern hair loss.	
drugs	Tamsulosin	tamsulosin	Alpha-1A adrenergic blocker that relaxes prostate muscle to ease urination in prostate enlargement.	
drugs	Oxybutynin	oxybutynin	Antimuscarinic drug that relaxes bladder muscle; used for overactive bladder.	
drugs	Allopurinol	allopurinol	Xanthine oxidase inhibitor that lowers uric acid to prevent gout; from Elion and Hitchings' work.	
drugs	Colchicine	colchicine	Alkaloid from autumn crocus that blocks microtubules; used for gout attacks and familial Mediterranean fever.	
drugs	Ethinylestradiol	ethinylestradiol	Synthetic orally active estrogen (1938), the estrogen in most combined contraceptive pills.	
drugs	Levonorgestrel	levonorgestrel	Synthetic progestin used in contraceptive pills, intrauterine devices and emergency contraception.	
drugs	Mifepristone	mifepristone	Progesterone and glucocorticoid receptor antagonist used in medical abortion and Cushing's syndrome.	
drugs	Thalidomide	thalidomide	Sedative withdrawn in 1961 after causing birth defects; now used for myeloma and leprosy complications.	
drugs	Isotretinoin	isotretinoin	Retinoid taken orally for severe acne; strictly controlled because it causes birth defects.	
drugs	Minoxidil	minoxidil	Vasodilator first used for hypertension; its hair growth side effect led to topical use for hair loss.	
drugs	Latanoprost	latanoprost	Prostaglandin F2-alpha analog eye drop that lowers eye pressure in glaucoma.	
toxins	Tetrodotoxin	tetrodotoxin	Pufferfish toxin made by symbiotic bacteria; blocks nerve sodium channels and is a key research tool.	
toxins	Strychnine	strychnine	Alkaloid from Strychnos nux-vomica seeds that blocks glycine receptors, causing muscle convulsions.	
toxins	Aconitine	aconitine	Alkaloid of monkshood (Aconitum) that holds sodium channels open, disturbing heart and nerve function.	
toxins	Alpha-amanitin	alpha-amanitin	Cyclic peptide of the death cap mushroom that blocks RNA polymerase II, causing liver failure.	
toxins	Phalloidin	phalloidin	Bicyclic peptide of the death cap mushroom that binds actin filaments; used to stain them in microscopy.	
toxins	Muscarine	muscarine	Alkaloid from Inocybe and Clitocybe mushrooms that activates muscarinic acetylcholine receptors.	
toxins	Ibotenic acid	ibotenic acid	Glutamate-like amino acid of fly agaric mushrooms that activates glutamate receptors.	
toxins	Muscimol	muscimol	GABA-A receptor agonist in fly agaric mushrooms, formed when ibotenic acid loses carbon dioxide.	
toxins	Aflatoxin B1	aflatoxin B1	Mycotoxin of Aspergillus molds on stored grain and nuts; a potent liver carcinogen.	
toxins	Ochratoxin A	ochratoxin A	Mycotoxin from Aspergillus and Penicillium molds in cereals and coffee; damages the kidneys.	
toxins	Patulin	patulin	Mycotoxin of Penicillium expansum found in rotting apples and apple juice; regulated in foods.	
toxins	Deoxynivalenol	deoxynivalenol	Vomitoxin, a trichothecene mycotoxin from Fusarium on wheat and maize that blocks protein synthesis.	
toxins	Fumonisin B1	fumonisin B1	Fusarium mycotoxin common in maize that disrupts sphingolipid metabolism.	
toxins	Ergotamine	ergotamine	Ergot alkaloid of Claviceps fungus on rye, cause of medieval ergotism; also a migraine medicine.	
toxins	Alpha-solanine	solanine	Glycoalkaloid in green potato skins and sprouts that disrupts cell membranes and inhibits cholinesterase.	
toxins	Digitoxin	digitoxin	Cardiac glycoside of purple foxglove that inhibits the sodium-potassium pump in heart muscle.	
toxins	Oleandrin	oleandrin	Cardiac glycoside in all parts of the oleander shrub; inhibits the sodium-potassium pump.	
toxins	Batrachotoxin	batrachotoxin	Steroidal alkaloid in the skin of Colombian poison dart frogs that holds sodium channels open.	
toxins	Tubocurarine	tubocurarine	Alkaloid of curare arrow poison that blocks nicotinic receptors at muscles; once used in anesthesia.	
toxins	Coniine	coniine	Piperidine alkaloid of poison hemlock that blocks nicotinic receptors; it killed Socrates in 399 BC.	
toxins	Cicutoxin	cicutoxin	Polyacetylene alcohol of water hemlock that blocks GABA-A receptors, causing seizures.	
toxins	Grayanotoxin I	grayanotoxin I	Diterpene of rhododendron nectar, cause of mad honey poisoning; holds sodium channels open.	
toxins	Microcystin-LR	microcystin-LR	Cyclic peptide toxin of cyanobacterial blooms in lakes that inhibits protein phosphatases in the liver.	
toxins	Anatoxin-a	anatoxin-a	Cyanobacterial alkaloid in freshwater blooms that strongly activates nicotinic receptors; harms dogs.	
toxins	Domoic acid	domoic acid	Diatom toxin that builds up in shellfish and activates glutamate receptors; causes amnesic shellfish poisoning.	
toxins	Brevetoxin B	brevetoxin B	Polyether toxin of red tide algae Karenia brevis that opens sodium channels; causes shellfish poisoning.	
toxins	Okadaic acid	okadaic acid	Polyether toxin of dinoflagellates that inhibits protein phosphatases; causes diarrhetic shellfish poisoning.	
toxins	Cantharidin	cantharidin	Terpenoid secreted by blister beetles that inhibits protein phosphatases and blisters skin; used for warts.	
toxins	TCDD	2,3,7,8-tetrachlorodibenzo-p-dioxin	The most toxic dioxin, an industrial combustion pollutant that acts through the aryl hydrocarbon receptor.	
toxins	Methylmercury	methylmercury	Organic mercury made by microbes in sediments; builds up in fish and caused Minamata disease in Japan.	
toxins	Amygdalin	amygdalin	Cyanogenic glycoside in bitter almond and apricot kernels that releases hydrogen cyanide when digested.	
alkaloids	Caffeine	caffeine	Purine alkaloid from coffee, tea and cacao; an adenosine receptor antagonist and mild stimulant.	1
alkaloids	Theobromine	theobromine	Dimethylxanthine that is the main alkaloid of cacao beans; a close structural relative of caffeine.	
alkaloids	Theophylline	theophylline	Dimethylxanthine found in tea leaves; it relaxes bronchial smooth muscle and has been used for asthma.	
alkaloids	Nicotine	nicotine	Pyridine-pyrrolidine alkaloid of the tobacco plant that acts on nicotinic acetylcholine receptors.	1
alkaloids	Cocaine	cocaine	Tropane alkaloid from coca leaves; historically the first local anesthetic used in eye surgery.	
alkaloids	Atropine	atropine	Racemic tropane alkaloid from deadly nightshade that blocks muscarinic acetylcholine receptors.	
alkaloids	Hyoscyamine	hyoscyamine	The levorotatory tropane alkaloid of Solanaceae plants; atropine is its racemic form.	
alkaloids	Scopolamine	scopolamine	Tropane alkaloid with an epoxide bridge, found in henbane and Datura; an antimuscarinic agent.	
alkaloids	Quinine	quinine	Cinchona bark alkaloid with a quinoline core; the historic antimalarial and the bitter taste of tonic water.	1
alkaloids	Quinidine	quinidine	Diastereomer of quinine from cinchona bark, used in medicine as an antiarrhythmic agent.	
alkaloids	Cinchonine	cinchonine	Cinchona alkaloid lacking quinine's methoxy group; used as a chiral auxiliary in resolutions.	
alkaloids	Papaverine	papaverine	Benzylisoquinoline alkaloid from the opium poppy that relaxes smooth muscle; it has no narcotic action.	
alkaloids	Noscapine	noscapine	Phthalideisoquinoline alkaloid from the opium poppy, used as a cough suppressant without narcotic effects.	
alkaloids	Berberine	berberine	Bright yellow quaternary protoberberine alkaloid from goldenseal and barberry roots.	
alkaloids	Sanguinarine	sanguinarine	Quaternary benzophenanthridine alkaloid from bloodroot, named for the red-orange sap of the plant.	
alkaloids	Chelidonine	chelidonine	Benzophenanthridine alkaloid from greater celandine, a plant with bright orange latex.	
alkaloids	Capsaicin	capsaicin	Vanilloid amide that gives chili peppers their heat by activating the TRPV1 heat receptor.	1
alkaloids	Piperine	piperine	Piperidine amide of piperic acid responsible for the pungency of black pepper.	
alkaloids	Ephedrine	ephedrine	Phenethylamine alkaloid from Ephedra plants that acts on adrenergic receptors; used as a decongestant.	
alkaloids	Mescaline	mescaline	Trimethoxy phenethylamine alkaloid found in the peyote and San Pedro cacti.	
alkaloids	Psilocybin	psilocybin	Phosphorylated tryptamine alkaloid produced by several species of Psilocybe mushrooms.	
alkaloids	LSD	lysergide	Semisynthetic diethylamide of lysergic acid, an ergoline first prepared by Albert Hofmann in 1938.	
alkaloids	Reserpine	reserpine	Indole alkaloid from Indian snakeroot that depletes stored monoamines; an early antihypertensive.	
alkaloids	Vinblastine	vinblastine	Dimeric indole alkaloid from the Madagascar periwinkle that binds tubulin; an anticancer agent.	
alkaloids	Camptothecin	camptothecin	Pentacyclic quinoline alkaloid from the happy tree that inhibits DNA topoisomerase I.	
alkaloids	Brucine	brucine	Dimethoxy analog of strychnine from the same seeds, often used to resolve racemic acids.	
alkaloids	Yohimbine	yohimbine	Indole alkaloid from the bark of the yohimbe tree; an alpha-2 adrenergic receptor antagonist.	
alkaloids	Ibogaine	ibogaine	Indole alkaloid from the root bark of the African shrub Tabernanthe iboga.	
alkaloids	Harmine	harmine	Fluorescent beta-carboline alkaloid from Syrian rue and ayahuasca vine; a monoamine oxidase inhibitor.	
alkaloids	Harmaline	harmaline	Dihydro beta-carboline alkaloid from Syrian rue seeds, closely related to harmine.	
alkaloids	Emetine	emetine	Isoquinoline alkaloid from ipecac root that inhibits protein synthesis; once used against amoebic dysentery.	
alkaloids	Physostigmine	physostigmine	Pyrroloindole alkaloid from the Calabar bean that reversibly inhibits acetylcholinesterase.	
alkaloids	Galantamine	galantamine	Amaryllidaceae alkaloid from snowdrops that inhibits acetylcholinesterase; used for Alzheimer disease.	
alkaloids	Huperzine A	huperzine A	Lycopodium alkaloid from the club moss Huperzia serrata; a potent acetylcholinesterase inhibitor.	
alkaloids	Pilocarpine	pilocarpine	Imidazole alkaloid from jaborandi leaves that stimulates muscarinic receptors; used for glaucoma.	
alkaloids	Arecoline	arecoline	Tetrahydropyridine ester alkaloid from the areca nut, a muscarinic receptor agonist.	
alkaloids	Lobeline	lobeline	Piperidine alkaloid from Indian tobacco (Lobelia inflata) that acts on nicotinic receptors.	
alkaloids	Cytisine	cytisine	Quinolizidine alkaloid from laburnum seeds, a partial agonist at nicotinic acetylcholine receptors.	
alkaloids	Sparteine	sparteine	Tetracyclic quinolizidine alkaloid from broom and lupins, used as a chiral ligand in synthesis.	
alkaloids	Lupinine	lupinine	Bicyclic quinolizidine alkaloid from lupin seeds with a primary alcohol side group.	
alkaloids	Anabasine	anabasine	Pyridine-piperidine alkaloid from tree tobacco, an isomer-like relative of nicotine.	
alkaloids	Tomatine	tomatine	Steroidal glycoalkaloid from tomato leaves and green fruit with a four-sugar chain.	
alkaloids	Staurosporine	staurosporine	Indolocarbazole alkaloid from Streptomyces bacteria; a broad inhibitor of protein kinases.	
alkaloids	Artemisinin	artemisinin	Sesquiterpene lactone with an endoperoxide bridge from sweet wormwood; the base of modern antimalarials.	1
alkaloids	Salicin	salicin	Glucoside of salicyl alcohol from willow bark; the natural forerunner of aspirin.	
alkaloids	Resveratrol	resveratrol	Stilbene polyphenol made by grapes and other plants in response to stress and fungal attack.	
alkaloids	Quercetin	quercetin	Flavonol with five hydroxyl groups, common in onions, apples and capers.	
alkaloids	Kaempferol	kaempferol	Flavonol found in tea, kale and beans; it has one fewer hydroxyl group than quercetin.	
alkaloids	Myricetin	myricetin	Flavonol with six hydroxyl groups, found in berries, walnuts and red wine.	
alkaloids	Apigenin	apigenin	Flavone found in parsley, celery and chamomile flowers.	
alkaloids	Luteolin	luteolin	Yellow flavone found in celery, thyme and green peppers; a catechol analog of apigenin.	
alkaloids	Naringenin	naringenin	Flavanone aglycone responsible for part of the bitterness of grapefruit.	
alkaloids	Hesperidin	hesperidin	Flavanone glycoside abundant in the peel of oranges and lemons.	
alkaloids	Rutin	rutin	Glycoside of quercetin with the disaccharide rutinose, found in buckwheat and asparagus.	
alkaloids	Taxifolin	taxifolin	Dihydroflavonol, also called dihydroquercetin, found in Siberian larch and milk thistle.	
alkaloids	Genistein	genistein	Isoflavone from soybeans whose shape lets it bind estrogen receptors weakly.	
alkaloids	Daidzein	daidzein	Soy isoflavone that lacks one hydroxyl group of genistein; a precursor of equol in the gut.	
alkaloids	Catechin	(+)-catechin	Flavan-3-ol monomer of condensed tannins, found in tea, cocoa and grapes.	
alkaloids	Epicatechin	(-)-epicatechin	Flavan-3-ol diastereomer of catechin, abundant in cocoa and green tea.	
alkaloids	Epigallocatechin gallate	epigallocatechin gallate	Gallate ester of epigallocatechin; the most abundant catechin in green tea.	
alkaloids	Curcumin	curcumin	Yellow diarylheptanoid from turmeric root; it exists as keto and enol tautomers.	
alkaloids	Ellagic acid	ellagic acid	Planar dilactone of hexahydroxydiphenic acid found in raspberries, pomegranates and oak.	
alkaloids	Gallic acid	gallic acid	Trihydroxybenzoic acid from oak galls and tea; a building block of hydrolysable tannins.	
alkaloids	Shikimic acid	shikimic acid	Cyclohexene carboxylic acid from star anise; the key intermediate in aromatic amino acid biosynthesis.	
alkaloids	Podophyllotoxin	podophyllotoxin	Aryltetralin lignan from the mayapple root that binds tubulin; parent of etoposide.	
alkaloids	Cannabidiol	cannabidiol	Non-intoxicating phytocannabinoid of Cannabis sativa with an open resorcinol ring structure.	
alkaloids	Tetrahydrocannabinol	dronabinol	Main psychoactive phytocannabinoid of Cannabis sativa, a partial agonist at CB1 receptors.	
alkaloids	Ginkgolide B	ginkgolide B	Cage-like diterpene trilactone from Ginkgo biloba leaves with a tert-butyl group.	
alkaloids	Forskolin	forskolin	Labdane diterpene from the Indian coleus plant that directly activates adenylyl cyclase.	
alkaloids	Stevioside	stevioside	Diterpene glycoside from Stevia rebaudiana leaves, about 200 times sweeter than sucrose.	
alkaloids	Glycyrrhizin	glycyrrhizin	Triterpenoid saponin from licorice root that gives licorice its sweet taste.	
alkaloids	Ginsenoside Rb1	ginsenoside Rb1	Dammarane triterpenoid saponin, the most abundant ginsenoside in Panax ginseng root.	
alkaloids	Oleanolic acid	oleanolic acid	Pentacyclic triterpenoid acid found in olive leaves and many fruit waxes.	
alkaloids	Ursolic acid	ursolic acid	Pentacyclic triterpenoid acid from apple peel wax; an isomer of oleanolic acid.	
alkaloids	Betulin	betulin	Lupane triterpene diol that makes up a large part of the white bark of birch trees.	
alkaloids	Gossypol	gossypol	Yellow polyphenolic binaphthyl aldehyde from cotton seeds with restricted axial rotation.	
alkaloids	Parthenolide	parthenolide	Germacranolide sesquiterpene lactone from feverfew with a reactive alpha-methylene lactone.	
alkaloids	Triptolide	triptolide	Diterpenoid triepoxide from the thunder god vine, a potent inhibitor of gene transcription.	
alkaloids	Withaferin A	withaferin A	Steroidal lactone (withanolide) from the ashwagandha plant Withania somnifera.	
alkaloids	Ouabain	ouabain	Cardiac glycoside from Strophanthus seeds, once used as an African arrow poison.	
alkaloids	Sirolimus	sirolimus	Macrolide from Easter Island soil bacteria that inhibits mTOR; also called rapamycin.	
alkaloids	Tacrolimus	tacrolimus	Macrolide lactone from Streptomyces tsukubaensis that suppresses T-cell activation via calcineurin.	
alkaloids	Cyclosporin A	cyclosporin A	Cyclic undecapeptide from a soil fungus with N-methylated residues; an immunosuppressant.	
alkaloids	Epothilone B	epothilone B	Macrolide from myxobacteria that stabilises microtubules much as paclitaxel does.	
dyes	Indigo	indigo	Blue vat dye from woad and indigo plants, used for denim; its color comes from a cross-conjugated core.	1
dyes	Tyrian purple	6,6'-dibromoindigo	Brominated indigo made by Murex sea snails; the costly imperial purple of antiquity.	
dyes	Indigo carmine	indigo carmine	Disulfonated indigo that is water soluble; used as a food dye and a medical diagnostic stain.	
dyes	Thioindigo	thioindigo	Sulfur analog of indigo with a red-pink color, used as a vat dye and pigment.	
dyes	Alizarin	alizarin	Red anthraquinone dye from madder root; the first natural dye made synthetically, in 1868.	
dyes	Purpurin	purpurin	Trihydroxyanthraquinone red dye that also occurs in madder root alongside alizarin.	
dyes	Quinizarin	quinizarin	1,4-Dihydroxyanthraquinone, an orange-red compound used as an intermediate for dyes.	
dyes	Alizarin red S	alizarin red S	Sulfonated alizarin used to stain calcium deposits in bone and tissue sections.	
dyes	Mauveine A	mauveine A	Main component of mauve, the first synthetic aniline dye, discovered by William Perkin in 1856.	
dyes	Methylene blue	methylene blue	Phenothiazinium dye used as a biological stain and a redox indicator.	
dyes	Crystal violet	crystal violet	Triarylmethane dye used in the Gram stain to color bacterial cell walls.	
dyes	Malachite green	malachite green	Green triarylmethane dye used to color silk and leather; named for its color, not the mineral.	
dyes	Pararosaniline	pararosaniline	Magenta triarylmethane dye that is a main component of basic fuchsin and the Schiff reagent.	
dyes	Fluorescein	fluorescein	Xanthene dye with bright green fluorescence, used to trace water flow and in eye examinations.	
dyes	Eosin Y	eosin Y	Tetrabrominated fluorescein that gives the pink in the hematoxylin and eosin tissue stain.	
dyes	Erythrosine	erythrosine	Tetraiodofluorescein used as a cherry-pink food color and dental plaque stain.	
dyes	Rose Bengal	rose bengal	Halogenated xanthene dye that makes singlet oxygen under light; used as an eye stain.	
dyes	Rhodamine B	rhodamine B	Fluorescent xanthene dye with diethylamino groups, used in lasers and as a tracer.	
dyes	Phenolphthalein	phenolphthalein	Acid-base indicator that is colorless in acid and pink above about pH 8.2.	
dyes	Thymol blue	thymol blue	Sulfonephthalein indicator with two color changes, red to yellow and yellow to blue.	
dyes	Bromothymol blue	bromothymol blue	Sulfonephthalein indicator that changes from yellow to blue near neutral pH.	
dyes	Bromophenol blue	bromophenol blue	Sulfonephthalein dye used as a pH indicator and as a tracking dye in gel electrophoresis.	
dyes	Phenol red	phenol red	Sulfonephthalein indicator added to cell culture media to show changes in pH.	
dyes	Methyl orange	methyl orange	Azo dye indicator that changes from red to yellow between pH 3.1 and 4.4.	
dyes	Methyl red	methyl red	Azo dye indicator, red below pH 4.4 and yellow above pH 6.2.	
dyes	Congo red	congo red	Bis-azo direct dye that binds amyloid fibrils and shows apple-green birefringence.	
dyes	Azobenzene	azobenzene	Parent aromatic azo compound that switches between trans and cis forms under light.	
dyes	Aniline yellow	4-aminoazobenzene	The first azo dye, made in 1861; an amino-substituted azobenzene.	
dyes	Sudan I	sudan I	Orange-red azo dye soluble in oils and waxes, used to color solvents and plastics.	
dyes	Sudan III	sudan III	Red bis-azo lysochrome dye used to stain lipids and fats in tissue sections.	
dyes	Para red	para red	Red azo pigment made from p-nitroaniline and 2-naphthol; one of the first synthetic pigments.	
dyes	Orange II	orange II	Sulfonated azo dye used to color wool, paper and leather.	
dyes	Tartrazine	tartrazine	Lemon-yellow pyrazolone azo dye used as a food color, labelled E102.	
dyes	Sunset yellow FCF	sunset yellow FCF	Orange azo food dye, labelled E110, used in drinks and confectionery.	
dyes	Allura red AC	allura red AC	Red azo food dye, labelled E129, widely used in soft drinks and sweets.	
dyes	Brilliant blue FCF	brilliant blue FCF	Blue triarylmethane food dye, labelled E133, used in drinks and ice cream.	
dyes	Coomassie brilliant blue G-250	coomassie brilliant blue G-250	Triarylmethane dye that binds proteins; the basis of the Bradford protein assay.	
dyes	Phthalocyanine	29H,31H-phthalocyanine	Metal-free macrocycle of four isoindole units; the parent of a large family of blue-green pigments.	
dyes	Copper phthalocyanine	copper phthalocyanine	Copper complex of phthalocyanine; the very stable Phthalo Blue pigment of paints and inks.	
dyes	Quinacridone	quinacridone	Pentacyclic pigment with red to violet colors, used in automotive paints for its stability.	
dyes	Porphine	porphine	Parent macrocycle of all porphyrins: four pyrrole rings joined by methine bridges.	
dyes	Lycopene	lycopene	Acyclic red carotenoid of tomatoes with eleven conjugated double bonds.	
dyes	Astaxanthin	astaxanthin	Keto-carotenoid that gives salmon, shrimp and flamingos their pink-red color.	
dyes	Lutein	lutein	Yellow xanthophyll carotenoid concentrated in the macula of the human retina.	
dyes	Zeaxanthin	zeaxanthin	Xanthophyll carotenoid that gives maize its yellow color; an isomer of lutein.	
dyes	Bixin	bixin	Apocarotenoid methyl ester from annatto seeds, used to color cheese and butter orange.	
dyes	Crocin	crocin	Water-soluble digentiobiose ester of crocetin that gives saffron its yellow color.	
dyes	Cyanidin	cyanidin	Anthocyanidin pigment of red berries and red cabbage; its color changes with pH.	
dyes	Delphinidin	delphinidin	Blue-purple anthocyanidin with three B-ring hydroxyl groups, found in violas and grapes.	
dyes	Pelargonidin	pelargonidin	Orange-red anthocyanidin of strawberries and geraniums with one B-ring hydroxyl group.	
dyes	Malvidin	malvidin	Dimethoxy anthocyanidin that gives most of the color of red wine.	
dyes	Betanin	betanin	Red-violet betacyanin glucoside from beetroot, used as a food color (E162).	
dyes	Carminic acid	carminic acid	Red anthraquinone C-glycoside from cochineal insects; the source of carmine.	
dyes	Lawsone	lawsone	Red-orange naphthoquinone in henna leaves that binds keratin in skin and hair.	
dyes	Hematoxylin	hematoxylin	Logwood tree compound that oxidizes to hematein, the nuclear stain in H and E histology.	
dyes	Brazilin	brazilin	Natural red dye from brazilwood that oxidizes to the colored compound brazilein.	
dyes	Safranin O	safranin O	Red phenazinium dye used as the counterstain in the Gram stain.	
dyes	Acridine orange	acridine orange	Cationic acridine dye that stains DNA green and RNA red-orange under blue light.	
dyes	Ethidium bromide	ethidium bromide	Phenanthridinium dye that intercalates into DNA; a classic stain for nucleic acids in gels.	
dyes	DAPI	DAPI	Blue fluorescent dye that binds the minor groove of AT-rich DNA, used to stain cell nuclei.	
dyes	Hoechst 33258	hoechst 33258	Bis-benzimidazole dye that binds the DNA minor groove and fluoresces blue.	
dyes	Nile red	nile red	Benzophenoxazone dye that fluoresces strongly in fat droplets and weakly in water.	
dyes	Nile blue	nile blue	Benzophenoxazinium dye used to stain cell nuclei and lipids in histology.	
dyes	Coumarin 1	7-diethylamino-4-methylcoumarin	Blue-emitting coumarin laser dye with a 7-diethylamino donor group.	
dyes	BODIPY	4,4-difluoro-4-bora-3a,4a-diaza-s-indacene	Boron difluoride dipyrromethene core of a family of bright, sharp-emitting fluorescent dyes.	
dyes	Indocyanine green	indocyanine green	Near-infrared cyanine dye used in medical imaging of blood flow and liver function.	
dyes	Xylene cyanol FF	xylene cyanol FF	Triarylmethane tracking dye used to follow DNA during gel electrophoresis.	
dyes	Emodin	emodin	Orange trihydroxyanthraquinone from rhubarb, buckthorn and some lichens.	
aromatics	Benzene	benzene	Prototype aromatic ring: six carbons with six delocalized pi electrons and equal bond lengths.	1
aromatics	Naphthalene	naphthalene	Two fused benzene rings; the simplest polycyclic aromatic hydrocarbon and the odor of mothballs.	
aromatics	Anthracene	anthracene	Three linearly fused rings; a blue-fluorescent solid used in organic semiconductors.	
aromatics	Phenanthrene	phenanthrene	Three angularly fused benzene rings; the carbon skeleton of steroids and morphinans.	
aromatics	Tetracene	tetracene	Four linearly fused rings; an orange organic semiconductor that shows singlet fission.	
aromatics	Pentacene	pentacene	Five linearly fused rings; a benchmark p-type semiconductor for organic transistors.	
aromatics	Chrysene	chrysene	Four-ring PAH with a zigzag shape, found in coal tar and creosote.	
aromatics	Triphenylene	triphenylene	Disc-shaped four-ring PAH with three outer rings around a central ring; it forms discotic liquid crystals.	
aromatics	Pyrene	pyrene	Four-ring peri-fused PAH known for its excimer fluorescence.	
aromatics	Fluoranthene	fluoranthene	Non-alternant PAH with a five-membered ring linking naphthalene and benzene units.	
aromatics	Benzo[a]pyrene	benzo[a]pyrene	Five-ring PAH from incomplete combustion, a known carcinogen in smoke and tar.	
aromatics	Perylene	perylene	Five-ring PAH and the core of perylene diimide dyes and pigments.	
aromatics	Coronene	coronene	Seven-ring disc-shaped PAH sometimes called superbenzene; a small graphene fragment.	
aromatics	Corannulene	corannulene	Bowl-shaped PAH with five benzene rings around a pentagon; a C60 cap fragment.	
aromatics	[6]Helicene	hexahelicene	Six ortho-fused benzene rings that coil into a helix, so the molecule is chiral.	
aromatics	Azulene	azulene	Blue non-benzenoid aromatic hydrocarbon of fused five- and seven-membered rings with a dipole.	
aromatics	Biphenyl	biphenyl	Two phenyl rings joined by a single bond, twisted about 44 degrees in the gas phase.	
aromatics	Fluorene	fluorene	Biphenyl bridged by a CH2 group into a planar tricycle; it fluoresces violet.	
aromatics	Indene	indene	Benzene fused to cyclopentene; a coal tar component used to make resins.	
aromatics	Acenaphthylene	acenaphthylene	Naphthalene with an etheno bridge across the peri positions, giving a five-membered ring.	
aromatics	Triptycene	triptycene	Three benzene rings fixed like paddles around a bicyclic core with D3h symmetry.	
aromatics	Hexamethylbenzene	hexamethylbenzene	Benzene with six methyl groups; its X-ray structure in 1929 proved the ring is flat.	
aromatics	Mesitylene	mesitylene	1,3,5-Trimethylbenzene, a symmetric aromatic used as a solvent and ligand precursor.	
aromatics	o-Xylene	o-xylene	1,2-Dimethylbenzene, the feedstock for phthalic anhydride.	
aromatics	m-Xylene	m-xylene	1,3-Dimethylbenzene, used to make isophthalic acid for resins.	
aromatics	p-Xylene	p-xylene	1,4-Dimethylbenzene, oxidized on a large scale to terephthalic acid for PET.	
aromatics	Aniline	aniline	Aminobenzene; the parent aromatic amine and the base of the first synthetic dyes.	
aromatics	Hexafluorobenzene	hexafluorobenzene	Perfluorinated benzene whose reversed quadrupole lets it stack face to face with benzene.	
aromatics	Borazine	borazine	B3N3H6 ring isoelectronic with benzene, often called inorganic benzene.	
aromatics	Cyclooctatetraene	cyclooctatetraene	Eight-membered ring with 8 pi electrons; it adopts a tub shape and is not aromatic.	
aromatics	Cyclopentadiene	cyclopentadiene	Non-aromatic diene whose deprotonated anion is aromatic; it dimerizes at room temperature.	
aromatics	[18]Annulene	[18]annulene	Eighteen-membered ring with 18 pi electrons; a large aromatic ring with inner hydrogens.	
aromatics	Pyridine	pyridine	Six-membered aromatic ring with one nitrogen; a weak base and common solvent.	
aromatics	Pyrimidine	pyrimidine	Diazine with nitrogens at the 1 and 3 positions; the core of cytosine, thymine and uracil.	
aromatics	Pyrazine	pyrazine	Diazine with nitrogens in the 1 and 4 positions; alkyl pyrazines give roasted aromas.	
aromatics	Pyridazine	pyridazine	Diazine with adjacent nitrogens at the 1 and 2 positions; a polar aromatic heterocycle.	
aromatics	1,3,5-Triazine	1,3,5-triazine	Six-membered ring with three alternating nitrogens; the core of melamine.	
aromatics	Pyrrole	pyrrole	Five-membered aromatic ring with an NH group; the building block of porphyrins.	
aromatics	Furan	furan	Five-membered aromatic ring with an oxygen atom, made from bran-derived furfural.	
aromatics	Thiophene	thiophene	Five-membered aromatic sulfur heterocycle and the repeat unit of polythiophene conductors.	
aromatics	Imidazole	imidazole	Five-membered ring with two nitrogens; the side chain of histidine.	
aromatics	Pyrazole	pyrazole	Five-membered aromatic ring with two adjacent nitrogen atoms.	
aromatics	Oxazole	oxazole	Five-membered aromatic ring with oxygen and nitrogen in the 1 and 3 positions.	
aromatics	Thiazole	thiazole	Five-membered aromatic ring with sulfur and nitrogen; it occurs in thiamine.	
aromatics	Indole	indole	Benzene fused to pyrrole; the core of tryptophan, serotonin and many alkaloids.	
aromatics	Benzofuran	benzofuran	Benzene fused to furan, found in coal tar and many natural products.	
aromatics	Benzothiophene	benzothiophene	Benzene fused to thiophene; it occurs in petroleum and in some drug molecules.	
aromatics	Quinoline	quinoline	Benzene fused to pyridine; the core of quinine and many antimalarials.	
aromatics	Isoquinoline	isoquinoline	Benzo-fused pyridine isomer of quinoline; the core of papaverine and berberine.	
aromatics	Acridine	acridine	Anthracene analog with a central nitrogen; the parent of acridine dyes.	
aromatics	Phenazine	phenazine	Dibenzopyrazine; bacteria make colored phenazine pigments such as pyocyanin.	
aromatics	Carbazole	carbazole	Dibenzopyrrole tricycle used in hole-transport materials for OLEDs.	
aromatics	Dibenzofuran	dibenzofuran	Two benzene rings fused to a central furan ring; the parent of polychlorinated dibenzofurans.	
aromatics	Purine	purine	Fused pyrimidine and imidazole rings; the parent of adenine and guanine.	
aromatics	Pteridine	pteridine	Fused pyrimidine and pyrazine rings; the core of folic acid and biopterin.	
nano	Buckminsterfullerene	buckminsterfullerene	C60 cage of 12 pentagons and 20 hexagons in the pattern of a football; found in 1985.	1
nano	Fullerene C70	fullerene C70	C70 cage shaped like a rugby ball, the second most abundant fullerene in carbon soot.	
nano	Hexabenzocoronene	hexa-peri-hexabenzocoronene	Large disc-shaped PAH of 13 rings, a model fragment of a graphene sheet.	
nano	[10]Cycloparaphenylene	[10]cycloparaphenylene	Hoop of ten para-linked benzene rings, the shortest segment of an armchair carbon nanotube.	
nano	Cubane	cubane	C8H8 hydrocarbon with eight carbons at the corners of a cube and 90 degree bond angles.	
nano	Adamantane	adamantane	C10H16 cage that is the smallest repeat unit of the diamond lattice.	
nano	Diamantane	diamantane	Two face-fused adamantane cages; the second member of the diamondoid series.	
nano	Triamantane	triamantane	Three fused adamantane cages; a diamondoid found in petroleum condensates.	
nano	Dodecahedrane	dodecahedrane	C20H20 hydrocarbon with twenty carbons at the vertices of a regular dodecahedron.	
nano	Prismane	prismane	C6H6 valence isomer of benzene with carbons at the corners of a triangular prism.	
nano	Twistane	twistane	Chiral C10H16 cage with all six-membered rings in twist-boat shapes.	
inorganic	Ferrocene	ferrocene	Iron atom sandwiched between two cyclopentadienyl rings; its discovery in 1951 began modern organometallics.	
inorganic	Ruthenocene	ruthenocene	Ruthenium sandwich analog of ferrocene with eclipsed cyclopentadienyl rings.	
inorganic	Cobaltocene	cobaltocene	19-electron cobalt sandwich compound that is a strong one-electron reducing agent.	
inorganic	Bis(benzene)chromium	bis(benzene)chromium	Chromium atom sandwiched between two parallel benzene rings; an 18-electron complex.	
inorganic	Titanocene dichloride	titanocene dichloride	Bent metallocene of titanium with two chlorides; a precursor of olefin polymerization catalysts.	
inorganic	Zirconocene dichloride	zirconocene dichloride	Bent zirconium metallocene used to make Schwartz's reagent and polymerization catalysts.	
inorganic	Cisplatin	cisplatin	Square planar cis-diamminedichloroplatinum(II), an anticancer drug that cross-links DNA.	1
inorganic	Carboplatin	carboplatin	Platinum(II) anticancer drug with a cyclobutanedicarboxylate leaving group.	
inorganic	Oxaliplatin	oxaliplatin	Platinum(II) anticancer drug with a diaminocyclohexane ligand and an oxalate leaving group.	
inorganic	Nickel tetracarbonyl	nickel tetracarbonyl	Tetrahedral, very toxic Ni(CO)4, the volatile intermediate of the Mond nickel refining process.	
inorganic	Iron pentacarbonyl	iron pentacarbonyl	Trigonal bipyramidal Fe(CO)5, a yellow liquid and a source of iron nanoparticles.	
inorganic	Chromium hexacarbonyl	chromium hexacarbonyl	Octahedral Cr(CO)6, a stable white solid that obeys the 18-electron rule.	
inorganic	Molybdenum hexacarbonyl	molybdenum hexacarbonyl	Octahedral Mo(CO)6, a volatile solid used as a molybdenum source in synthesis.	
inorganic	Tungsten hexacarbonyl	tungsten hexacarbonyl	Octahedral W(CO)6, used to deposit tungsten films by decomposition.	
inorganic	Dicobalt octacarbonyl	dicobalt octacarbonyl	Co2(CO)8 with bridging carbonyls, a catalyst for hydroformylation of alkenes.	
inorganic	Dimanganese decacarbonyl	dimanganese decacarbonyl	Mn2(CO)10, two Mn(CO)5 units joined by an unsupported metal-metal bond.	
inorganic	Wilkinson's catalyst	chlorotris(triphenylphosphine)rhodium(I)	Square planar rhodium(I) complex that catalyzes the hydrogenation of alkenes.	
inorganic	Vaska's complex	carbonylchlorobis(triphenylphosphine)iridium(I)	Square planar iridium(I) complex that binds O2 and H2 reversibly by oxidative addition.	
inorganic	Tetrakis(triphenylphosphine)palladium(0)	tetrakis(triphenylphosphine)palladium(0)	Tetrahedral Pd(0) complex widely used as a catalyst for Suzuki and Stille coupling.	
inorganic	Palladium(II) acetate	palladium(II) acetate	Trimeric palladium carboxylate used as a catalyst precursor for cross-coupling reactions.	
inorganic	Grubbs catalyst (1st generation)	benzylidenebis(tricyclohexylphosphine)dichlororuthenium	Ruthenium benzylidene complex with two tricyclohexylphosphines that catalyzes olefin metathesis.	
inorganic	Tris(bipyridine)ruthenium(II) chloride	tris(bipyridine)ruthenium(II) chloride	Octahedral, chiral ruthenium complex with orange luminescence, used in photoredox catalysis.	
inorganic	Trimethylaluminium	trimethylaluminum	Pyrophoric organoaluminium that exists as a dimer with bridging methyl groups.	
inorganic	Tetraethyllead	tetraethyllead	Tetrahedral organolead compound formerly added to gasoline as an antiknock agent.	
inorganic	Methylmagnesium bromide	methylmagnesium bromide	Simple Grignard reagent that adds methyl groups to carbonyl compounds.	
inorganic	n-Butyllithium	n-butyllithium	Organolithium reagent used as a strong base; it forms hexamers in hydrocarbon solvents.	
inorganic	Diethylzinc	diethylzinc	Linear, pyrophoric organozinc compound used in the Simmons-Smith cyclopropanation.	
inorganic	Tetramethylsilane	tetramethylsilane	Tetrahedral Si(CH3)4, the zero reference for 1H and 13C NMR chemical shifts.	
inorganic	Hexamethyldisiloxane	hexamethyldisiloxane	Two trimethylsilyl groups joined by oxygen with a wide Si-O-Si angle; a simple silicone fluid.	
inorganic	Octamethylcyclotetrasiloxane	octamethylcyclotetrasiloxane	Cyclic siloxane D4, an eight-membered Si-O ring used to make silicone polymers.	
inorganic	Boric acid	boric acid	Trigonal planar B(OH)3, a weak Lewis acid that forms layered hydrogen-bonded sheets.	
inorganic	Diborane	diborane	B2H6 with two three-center two-electron B-H-B bridge bonds.	
inorganic	Ammonia borane	ammonia borane	H3N-BH3 Lewis adduct studied as a solid hydrogen storage material.	
inorganic	Trimethylborane	trimethylborane	Trigonal planar B(CH3)3, a Lewis acid with an empty boron p orbital.	
inorganic	Aluminium chloride	aluminum chloride	Trigonal planar AlCl3 monomer, a strong Lewis acid catalyst for Friedel-Crafts reactions.	
inorganic	Silane	silane	Tetrahedral SiH4, a pyrophoric gas used to deposit silicon in chip fabrication.	
inorganic	Silicon tetrachloride	silicon tetrachloride	Tetrahedral SiCl4, an intermediate in making high-purity silicon and fused silica.	
inorganic	Titanium tetrachloride	titanium tetrachloride	Tetrahedral TiCl4 liquid that fumes in moist air; used to make titanium metal and TiO2.	
inorganic	Phosphorus pentachloride	phosphorus pentachloride	Trigonal bipyramidal PCl5 in the gas phase; a chlorinating reagent.	
inorganic	Phosphorus pentafluoride	phosphorus pentafluoride	Trigonal bipyramidal PF5 whose axial and equatorial fluorines exchange by Berry pseudorotation.	
inorganic	Sulfur tetrafluoride	sulfur tetrafluoride	Seesaw-shaped SF4 with one lone pair; a reagent that converts C=O groups to CF2.	
inorganic	Chlorine trifluoride	chlorine trifluoride	T-shaped ClF3 with two lone pairs, an extremely reactive fluorinating agent.	
inorganic	Bromine trifluoride	bromine trifluoride	T-shaped BrF3, a fluorinating liquid that conducts electricity by self-ionization.	
inorganic	Iodine pentafluoride	iodine pentafluoride	Square pyramidal IF5 with one lone pair below the base of the pyramid.	
inorganic	Iodine heptafluoride	iodine heptafluoride	Pentagonal bipyramidal IF7, a rare example of seven-coordinate main group geometry.	
inorganic	Xenon difluoride	xenon difluoride	Linear XeF2 with three equatorial lone pairs; a stable noble gas compound.	
inorganic	Xenon tetrafluoride	xenon tetrafluoride	Square planar XeF4 with two lone pairs above and below the plane.	
inorganic	Xenon hexafluoride	xenon hexafluoride	XeF6 with a distorted octahedral shape caused by a stereochemically active lone pair.	
inorganic	Uranium hexafluoride	uranium hexafluoride	Octahedral, volatile UF6, used in the gas centrifuge enrichment of uranium.	
inorganic	Osmium tetroxide	osmium tetroxide	Tetrahedral OsO4, a volatile and toxic oxidant that converts alkenes to cis-diols.	
inorganic	Chromyl chloride	chromyl chloride	Tetrahedral CrO2Cl2, a dark red liquid used in the Etard oxidation.	
inorganic	Potassium permanganate	potassium permanganate	Purple salt of the tetrahedral MnO4- ion, a strong oxidizing agent.	
inorganic	Potassium dichromate	potassium dichromate	Orange salt of the Cr2O7 2- ion, two CrO4 tetrahedra sharing one oxygen.	
inorganic	Sulfuric acid	sulfuric acid	Tetrahedral H2SO4, the most produced industrial chemical and a strong diprotic acid.	
inorganic	Nitric acid	nitric acid	Planar HNO3 with a resonance-delocalized nitro group; a strong oxidizing acid.	
inorganic	Phosphoric acid	phosphoric acid	Tetrahedral H3PO4, a triprotic acid used in fertilizers and soft drinks.	
inorganic	Perchloric acid	perchloric acid	Tetrahedral HClO4, one of the strongest common mineral acids.	
inorganic	Hydrogen peroxide	hydrogen peroxide	H2O2 with a skewed O-O bond and a dihedral angle of about 111 degrees.	
inorganic	Cyclooctasulfur	cyclooctasulfur	S8 crown-shaped ring, the most stable form of elemental sulfur.	
inorganic	Phosphorus pentoxide	phosphorus pentoxide	P4O10 cage built on a P4 tetrahedron with bridging and terminal oxygens; a strong drying agent.	
inorganic	EDTA	edetic acid	Hexadentate chelating agent that wraps around metal ions; used in water softening and analysis.	
inorganic	Hemin	hemin	Iron(III) protoporphyrin IX chloride, the oxidized heme group of hemoglobin.	
flavours	Vanillin	vanillin	Phenolic aldehyde that is the main flavour compound of vanilla beans.	1
flavours	Ethyl vanillin	ethyl vanillin	Synthetic analog of vanillin with an ethoxy group, about three times stronger in odor.	
flavours	Cinnamaldehyde	cinnamaldehyde	Unsaturated aromatic aldehyde that gives cinnamon bark its flavour and odor.	
flavours	Eugenol	eugenol	Allyl guaiacol that is the main aroma compound of clove oil.	
flavours	Menthol	L-menthol	Cyclic monoterpene alcohol from peppermint that activates the cold receptor TRPM8.	1
flavours	Menthone	menthone	Monoterpene ketone of peppermint oil with a minty, slightly woody odor.	
flavours	(R)-Limonene	D-limonene	Monoterpene that gives orange and lemon peel oil its citrus odor.	
flavours	(R)-Carvone	cid:439570	The (R)-(-) enantiomer of carvone, with the odor of spearmint.	
flavours	(S)-Carvone	cid:16724	The (S)-(+) enantiomer of carvone, with the odor of caraway and dill seed.	
flavours	Geranial	geranial	The E isomer of citral, a monoterpene aldehyde with a strong lemon odor.	
flavours	Linalool	linalool	Floral monoterpene alcohol found in lavender, coriander and many flowers.	
flavours	Geraniol	geraniol	Monoterpene alcohol with a rose-like odor, found in rose and palmarosa oils.	
flavours	Nerol	nerol	Z isomer of geraniol with a sweet rose odor, found in neroli oil.	
flavours	Citronellal	citronellal	Monoterpene aldehyde with a lemony odor, the main component of citronella oil.	
flavours	Myrcene	myrcene	Acyclic monoterpene with a balsamic odor, abundant in hops and bay leaves.	
flavours	alpha-Pinene	alpha-pinene	Bicyclic monoterpene with an endocyclic double bond; the main odor of pine resin.	
flavours	beta-Pinene	beta-pinene	Bicyclic monoterpene with an exocyclic double bond; found in turpentine and hops.	
flavours	1,8-Cineole	eucalyptol	Bicyclic ether monoterpene that gives eucalyptus oil its camphor-like odor.	
flavours	Camphor	camphor	Bicyclic monoterpene ketone from the camphor laurel with a cooling, medicinal odor.	
flavours	Thymol	thymol	Isopropyl methyl phenol that is the main aroma compound of thyme oil.	
flavours	Carvacrol	carvacrol	Isomer of thymol that gives oregano its warm, pungent odor.	
flavours	Anethole	anethole	Phenylpropene with a sweet licorice odor, found in anise, star anise and fennel.	
flavours	Cuminaldehyde	cuminaldehyde	Isopropyl benzaldehyde that is the main odor compound of cumin seed.	
flavours	Benzaldehyde	benzaldehyde	Simplest aromatic aldehyde, with the odor of bitter almonds and cherries.	
flavours	Piperonal	piperonal	Methylenedioxy benzaldehyde, also called heliotropin, with a cherry-vanilla floral odor.	
flavours	Coumarin	coumarin	Benzopyrone with a sweet hay odor, found in tonka beans and sweet clover.	
flavours	Raspberry ketone	raspberry ketone	Phenolic butanone that is the main aroma compound of raspberries.	
flavours	Methyl salicylate	methyl salicylate	Methyl ester of salicylic acid that gives wintergreen its minty odor.	
flavours	Methyl anthranilate	methyl anthranilate	Amino benzoate ester with the odor of Concord grapes, also found in orange blossom.	
flavours	Benzyl acetate	benzyl acetate	Ester with a sweet floral odor, the main component of jasmine absolute.	
flavours	2-Phenylethanol	phenethyl alcohol	Aromatic alcohol with a soft rose odor, found in roses and many fermented foods.	
flavours	Isoamyl acetate	isoamyl acetate	Ester with a strong banana and pear-drop odor, also an alarm pheromone of honeybees.	
flavours	Ethyl butyrate	ethyl butyrate	Fruity ester with a pineapple odor, used widely in fruit flavours.	
flavours	gamma-Decalactone	gamma-decalactone	Five-membered lactone with a strong peach odor, found in peaches and apricots.	
flavours	delta-Decalactone	delta-decalactone	Six-membered lactone with a creamy coconut and milk odor, found in butter.	
flavours	Maltol	maltol	Pyranone from larch bark and roasted malt with a caramel odor; used as a flavour enhancer.	
flavours	Ethyl maltol	ethyl maltol	Ethyl analog of maltol with a stronger caramel and cotton candy odor.	
flavours	Furaneol	furaneol	Furanone with a caramel-strawberry odor, a key aroma of strawberries and pineapple.	
flavours	Sotolon	sotolon	Furanone with a fenugreek and maple syrup odor at low concentration.	
flavours	Diacetyl	diacetyl	Vicinal diketone that gives butter its typical odor; also a fermentation byproduct.	
flavours	Acetoin	acetoin	Hydroxy ketone with a buttery odor, made by yeast and bacteria during fermentation.	
flavours	2-Acetyl-1-pyrroline	2-acetyl-1-pyrroline	Cyclic imine that gives jasmine rice, pandan and bread crust their aroma.	
flavours	2-Isobutyl-3-methoxypyrazine	2-isobutyl-3-methoxypyrazine	Pyrazine with a green bell pepper odor detectable at parts per trillion.	
flavours	Nootkatone	nootkatone	Sesquiterpene ketone that is a main aroma compound of grapefruit.	
flavours	Rotundone	rotundone	Sesquiterpene ketone that gives black pepper and Syrah wine their peppery note.	
flavours	alpha-Ionone	alpha-ionone	Cyclic terpenoid ketone with a violet odor; it has the ring double bond in the alpha position.	
flavours	beta-Ionone	beta-ionone	Carotenoid-derived ketone with a violet and woody odor, found in roses and raspberries.	
flavours	beta-Damascenone	beta-damascenone	Rose ketone with a cooked apple odor, important in rose oil and wine at trace levels.	
flavours	cis-Jasmone	cis-jasmone	Cyclopentenone with a fruity jasmine odor, found in jasmine flowers.	
flavours	Hedione	methyl dihydrojasmonate	Methyl dihydrojasmonate, a light jasmine-like aroma chemical used in many perfumes.	
flavours	Muscone	muscone	15-membered macrocyclic ketone that is the main odor compound of natural musk.	
flavours	Civetone	civetone	17-membered unsaturated macrocyclic ketone with a musky odor, first found in civet.	
flavours	Ambroxide	ambroxide	Tricyclic ether with the woody, amber odor of ambergris; made from sclareol.	
flavours	Galaxolide	galaxolide	Polycyclic musk with a clean, sweet odor, widely used in laundry products.	
flavours	Iso E Super	iso E super	Woody, cedar-like aroma chemical with a velvety odor, used in many modern perfumes.	
flavours	Geosmin	geosmin	Bicyclic alcohol made by soil bacteria that gives the earthy odor after rain.	
flavours	2-Methylisoborneol	2-methylisoborneol	Terpene alcohol from soil microbes that gives water and fish a musty, earthy taint.	
flavours	1-Octen-3-ol	1-octen-3-ol	Unsaturated alcohol with a mushroom odor, sometimes called mushroom alcohol.	
flavours	Hexanal	hexanal	Six-carbon aldehyde with a cut grass odor, formed when plant fatty acids break down.	
flavours	cis-3-Hexen-1-ol	cis-3-hexen-1-ol	Leaf alcohol with the intense odor of freshly cut green grass and leaves.	
flavours	Allicin	allicin	Thiosulfinate formed when garlic is crushed; it gives fresh garlic its pungent odor.	
flavours	Allyl isothiocyanate	allyl isothiocyanate	Pungent isothiocyanate of mustard, horseradish and wasabi made from sinigrin.	
flavours	Aspartame	aspartame	Methyl ester of the aspartyl-phenylalanine dipeptide, about 200 times sweeter than sucrose.	
flavours	Neotame	neotame	N-alkylated derivative of aspartame, about 7,000 to 13,000 times sweeter than sucrose.	
flavours	Sucralose	sucralose	Trichlorinated sucrose derivative about 600 times sweeter than sucrose.	
flavours	Saccharin	saccharin	Benzisothiazolone sulfonamide, the first artificial sweetener, discovered in 1879.	
flavours	Acesulfame	acesulfame	Oxathiazinone dioxide sweetener about 200 times sweeter than sucrose, used as its potassium salt.	
flavours	Steviol	steviol	Diterpene aglycone of the sweet glycosides of Stevia rebaudiana; it is not sweet itself.	
